timestamp,yolo_delay,step,target_x,target_y,obs_x,obs_y,obs_w,obs_h,vx,vy,obst1_shape,obst1_x,obst1_y,obst1_w,obst1_h,obst2_shape,obst2_x,obst2_y,obst2_w,obst2_h,obst3_shape,obst3_x,obst3_y,obst3_w,obst3_h,obst4_shape,obst4_x,obst4_y,obst4_w,obst4_h,obst5_shape,obst5_x,obst5_y,obst5_w,obst5_h,
3/30/2025 19:35,35.91108322,0,475,250,327.5,379,39,42,0,0,1,306.5,215,59,60,1,468.5,356.5,61,63,0,0,0,0,0,0,0,0,0,0,0,0,0,0,0,3/30/2025 19:35
3/30/2025 19:35,41.046381,1,475,250,326.5,379,51,52,-0.5,0.5,1,306.5,215,59,60,1,468,356.5,60,63,0,0,0,0,0,0,0,0,0,0,0,0,0,0,0,3/30/2025 19:35
3/30/2025 19:35,45.50814629,2,475,250,328,378,74,44,0.5,-0.5,1,306,215,58,60,1,468.5,356.5,61,63,0,0,0,0,0,0,0,0,0,0,0,0,0,0,0,3/30/2025 19:35
3/30/2025 19:35,46.3206768,3,475,250,327.5,377,73,54,0,-2,1,306,215.5,58,61,1,468,356.5,62,63,0,0,0,0,0,0,0,0,0,0,0,0,0,0,0,3/30/2025 19:35
3/30/2025 19:35,47.06573486,4,475,250,328,376,80,56,1,-4,1,306.5,215,59,60,1,468.5,357,61,64,0,0,0,0,0,0,0,0,0,0,0,0,0,0,0,3/30/2025 19:35
3/30/2025 19:35,50.99701881,5,475,250,328.5,376,77,60,0,-0.5,1,306.5,215.5,59,61,1,468,357,62,64,0,0,0,0,0,0,0,0,0,0,0,0,0,0,0,3/30/2025 19:35
3/30/2025 19:35,55.06491661,6,475,250,327.5,374.5,73,71,0,-2.5,1,306.5,215,59,60,1,468.5,357,61,64,0,0,0,0,0,0,0,0,0,0,0,0,0,0,0,3/30/2025 19:35
3/30/2025 19:35,55.06491661,7,475,250,327.5,374.5,73,71,0,-2.5,1,306.5,215,59,60,1,468.5,357,61,64,0,0,0,0,0,0,0,0,0,0,0,0,0,0,0,3/30/2025 19:35
3/30/2025 19:35,54.15964127,8,475,250,327.5,372,73,72,-1,-4.5,1,306.5,215,59,60,1,468.5,356.5,61,63,0,0,0,0,0,0,0,0,0,0,0,0,0,0,0,3/30/2025 19:35
3/30/2025 19:35,51.00083351,9,475,250,325.5,373,75,72,-2.5,-2,1,306.5,215,59,60,1,468,356.5,62,63,0,0,0,0,0,0,0,0,0,0,0,0,0,0,0,3/30/2025 19:35
3/30/2025 19:35,51.00011826,10,475,250,325.5,372.5,75,69,-3,-2,1,306,215,58,60,1,468,357,62,64,0,0,0,0,0,0,0,0,0,0,0,0,0,0,0,3/30/2025 19:35
3/30/2025 19:35,51.28765106,11,475,250,325.5,369.5,71,75,-1.5,-3.5,1,306.5,215,59,60,1,468.5,356.5,61,63,0,0,0,0,0,0,0,0,0,0,0,0,0,0,0,3/30/2025 19:35
3/30/2025 19:35,51.7578125,12,475,250,326,368,74,74,-1.5,-3.5,1,306.5,215,59,60,1,468.5,356.5,61,63,0,0,0,0,0,0,0,0,0,0,0,0,0,0,0,3/30/2025 19:35
3/30/2025 19:35,53.07006836,13,475,250,326,366.5,72,75,0.5,-5.5,1,306.5,215,59,60,1,468.5,356.5,61,63,0,0,0,0,0,0,0,0,0,0,0,0,0,0,0,3/30/2025 19:35
3/30/2025 19:35,55.50932884,14,475,250,325,366.5,70,79,-0.5,-5.5,1,306.5,215,59,60,1,468,357,62,64,0,0,0,0,0,0,0,0,0,0,0,0,0,0,0,3/30/2025 19:35
3/30/2025 19:35,53.71713638,15,475,250,324.5,365.5,69,85,-1,-2.5,1,306.5,215,59,60,1,468,357,62,64,0,0,0,0,0,0,0,0,0,0,0,0,0,0,0,3/30/2025 19:35
3/30/2025 19:35,51.71346664,16,475,250,325.5,364.5,69,85,0,-2.5,1,306.5,215,59,60,1,468,357,62,64,0,0,0,0,0,0,0,0,0,0,0,0,0,0,0,3/30/2025 19:35
3/30/2025 19:35,53.02739143,17,475,250,325,362,68,88,-0.5,-5,1,306.5,215,59,60,1,468.5,357,61,64,0,0,0,0,0,0,0,0,0,0,0,0,0,0,0,3/30/2025 19:35
3/30/2025 19:35,49.16477203,18,475,250,324.5,359,71,88,-0.5,-7,1,306.5,215,59,60,1,468.5,357,61,64,0,0,0,0,0,0,0,0,0,0,0,0,0,0,0,3/30/2025 19:35
3/30/2025 19:35,46.05364799,19,475,250,325,357.5,68,89,0,-7,1,306.5,215,59,60,1,468.5,356.5,61,63,0,0,0,0,0,0,0,0,0,0,0,0,0,0,0,3/30/2025 19:35
3/30/2025 19:35,46.94747925,20,475,250,327.5,356,69,88,2.5,-6,1,306,215,60,60,1,468.5,357,61,64,0,0,0,0,0,0,0,0,0,0,0,0,0,0,0,3/30/2025 19:35
3/30/2025 19:35,50.50873756,21,475,250,327.5,354.5,69,85,3,-4.5,1,468.5,357,61,64,1,306.5,215.5,59,61,0,0,0,0,0,0,0,0,0,0,0,0,0,0,0,3/30/2025 19:35
3/30/2025 19:35,52.20842361,22,475,250,327.5,355.5,67,87,2,-2.5,1,306.5,215,59,60,1,468,357,62,64,0,0,0,0,0,0,0,0,0,0,0,0,0,0,0,3/30/2025 19:35
3/30/2025 19:35,50.02760887,23,475,250,327.5,355,65,88,0.5,-1,1,306.5,215,59,60,1,468.5,357,61,64,0,0,0,0,0,0,0,0,0,0,0,0,0,0,0,3/30/2025 19:35
3/30/2025 19:35,54.87132072,24,475,250,327.5,352.5,65,89,-0.5,-2,1,468.5,357,61,64,1,306.5,215,59,60,0,0,0,0,0,0,0,0,0,0,0,0,0,0,0,3/30/2025 19:35
3/30/2025 19:36,50.00042915,25,475,250,329,353,66,84,2.5,-2,1,468.5,356.5,61,63,1,306.5,215,59,60,0,0,0,0,0,0,0,0,0,0,0,0,0,0,0,3/30/2025 19:36
3/30/2025 19:36,50.00042915,26,475,250,329,353,66,84,2.5,-2,1,468.5,356.5,61,63,1,306.5,215,59,60,0,0,0,0,0,0,0,0,0,0,0,0,0,0,0,3/30/2025 19:36
3/30/2025 19:36,56.59604073,27,475,250,329.5,352.5,65,85,2,-3,1,306.5,215,59,60,1,468.5,357,61,64,0,0,0,0,0,0,0,0,0,0,0,0,0,0,0,3/30/2025 19:36
3/30/2025 19:36,56.00118637,28,475,250,329,350,64,82,1.5,-3.5,1,468.5,356.5,61,63,1,306.5,215,59,60,0,0,0,0,0,0,0,0,0,0,0,0,0,0,0,3/30/2025 19:36
3/30/2025 19:36,50.0023365,29,475,250,329.5,349,63,82,1,-3.5,1,306.5,215,59,60,1,468.5,356.5,61,63,0,0,0,0,0,0,0,0,0,0,0,0,0,0,0,3/30/2025 19:36
3/30/2025 19:36,50.00257492,30,475,250,331,348.5,60,81,1.5,-4,1,306.5,215,59,60,1,468.5,356.5,61,63,0,0,0,0,0,0,0,0,0,0,0,0,0,0,0,3/30/2025 19:36
3/30/2025 19:36,51.37133598,31,475,250,332,349,60,82,3,-1,1,306.5,215,59,60,1,468.5,357,61,64,0,0,0,0,0,0,0,0,0,0,0,0,0,0,0,3/30/2025 19:36
3/30/2025 19:36,49.40366745,32,475,250,332.5,348.5,59,79,3,-0.5,1,306.5,215,59,60,1,468.5,356.5,61,63,0,0,0,0,0,0,0,0,0,0,0,0,0,0,0,3/30/2025 19:36
3/30/2025 19:36,54.00037766,33,475,250,334,347.5,58,79,3,-1,1,306.5,215,59,60,1,468,356.5,62,63,0,0,0,0,0,0,0,0,0,0,0,0,0,0,0,3/30/2025 19:36
3/30/2025 19:36,51.00131035,34,475,250,334,348.5,56,83,2,-0.5,1,306.5,215,59,60,1,468.5,356.5,61,63,0,0,0,0,0,0,0,0,0,0,0,0,0,0,0,3/30/2025 19:36
3/30/2025 19:36,47.26147652,35,475,250,334.5,347,57,82,2,-1.5,1,306.5,215,59,60,1,468.5,356.5,61,63,0,0,0,0,0,0,0,0,0,0,0,0,0,0,0,3/30/2025 19:36
3/30/2025 19:36,45.38369179,36,475,250,336,346.5,60,77,2,-1,1,306,215,58,60,1,468.5,356.5,61,63,0,0,0,0,0,0,0,0,0,0,0,0,0,0,0,3/30/2025 19:36
3/30/2025 19:36,48.04062843,37,475,250,336,345.5,62,73,1,-3.5,1,306.5,215,59,60,1,468.5,357,61,62,0,0,0,0,0,0,0,0,0,0,0,0,0,0,0,3/30/2025 19:36
3/30/2025 19:36,50.303936,38,475,250,336,344,60,70,1.5,-3.5,1,306.5,215,59,60,1,468.5,356.5,61,63,0,0,0,0,0,0,0,0,0,0,0,0,0,0,0,3/30/2025 19:36
3/30/2025 19:36,49.37934875,39,475,250,337,343,60,66,1.5,-3.5,1,306,215,58,60,1,468.5,356.5,61,63,0,0,0,0,0,0,0,0,0,0,0,0,0,0,0,3/30/2025 19:36
3/30/2025 19:36,48.04730415,40,475,250,339,342,62,66,3.5,-4,1,306.5,215,59,60,1,468.5,356.5,61,63,0,0,0,0,0,0,0,0,0,0,0,0,0,0,0,3/30/2025 19:36
3/30/2025 19:36,58.0201149,41,475,250,340,340.5,64,65,5,-3,1,306.5,215,59,60,1,468.5,356.5,61,63,0,0,0,0,0,0,0,0,0,0,0,0,0,0,0,3/30/2025 19:36
3/30/2025 19:36,51.00035667,42,475,250,339.5,339,67,62,3,-4,1,306.5,215,59,60,1,468.5,356.5,61,63,0,0,0,0,0,0,0,0,0,0,0,0,0,0,0,3/30/2025 19:36
3/30/2025 19:36,48.91085625,43,475,250,340.5,338.5,67,61,2,-3.5,1,306.5,215,59,60,1,468.5,356.5,61,63,0,0,0,0,0,0,0,0,0,0,0,0,0,0,0,3/30/2025 19:36
3/30/2025 19:36,48.00057411,44,475,250,341.5,339.5,69,59,2,-1.5,1,306.5,215,59,60,1,468.5,356.5,61,63,0,0,0,0,0,0,0,0,0,0,0,0,0,0,0,3/30/2025 19:36
3/30/2025 19:36,47.00040817,45,475,250,341.5,339.5,71,59,1.5,0.5,1,306.5,215,59,60,1,468.5,357,61,64,0,0,0,0,0,0,0,0,0,0,0,0,0,0,0,3/30/2025 19:36
3/30/2025 19:36,46.00191116,46,475,250,343,336.5,72,61,2,-2.5,1,306.5,215,59,60,1,468.5,357,61,64,0,0,0,0,0,0,0,0,0,0,0,0,0,0,0,3/30/2025 19:36
3/30/2025 19:36,46.00191116,47,475,250,343,336.5,72,61,2,-2.5,1,306.5,215,59,60,1,468.5,357,61,64,0,0,0,0,0,0,0,0,0,0,0,0,0,0,0,3/30/2025 19:36
3/30/2025 19:36,45.99761963,48,475,250,344,337,72,64,2.5,-2.5,1,306.5,215,59,60,1,468.5,356.5,61,63,0,0,0,0,0,0,0,0,0,0,0,0,0,0,0,3/30/2025 19:36
3/30/2025 19:36,49.07822609,49,475,250,345,337,76,62,3.5,-2.5,1,468.5,357,61,64,1,306.5,215,59,60,0,0,0,0,0,0,0,0,0,0,0,0,0,0,0,3/30/2025 19:36
3/30/2025 19:36,50.00066757,50,475,250,346,334,74,62,3,-3,1,306.5,215,59,60,1,468,357,62,64,0,0,0,0,0,0,0,0,0,0,0,0,0,0,0,3/30/2025 19:36
3/30/2025 19:36,53.24697495,51,475,250,345,333.5,74,65,1.5,-3.5,1,306.5,215,59,60,1,468.5,356.5,61,63,0,0,0,0,0,0,0,0,0,0,0,0,0,0,0,3/30/2025 19:36
3/30/2025 19:36,53.86209488,52,475,250,345.5,333.5,77,63,0.5,-3.5,1,468.5,356.5,61,63,1,306.5,215,59,60,0,0,0,0,0,0,0,0,0,0,0,0,0,0,0,3/30/2025 19:36
3/30/2025 19:36,56.07461929,53,475,250,346.5,333.5,73,67,1,-0.5,1,468,357,62,64,1,306.5,215,59,60,0,0,0,0,0,0,0,0,0,0,0,0,0,0,0,3/30/2025 19:36
3/30/2025 19:36,51.65410042,54,475,250,348,333.5,76,67,2,0.5,1,306,215,60,60,1,468,356.5,62,63,0,0,0,0,0,0,0,0,0,0,0,0,0,0,0,3/30/2025 19:36
3/30/2025 19:36,49.38983917,55,475,250,348,331.5,72,69,3,-1.5,1,468,357,62,64,1,306.5,215.5,59,61,0,0,0,0,0,0,0,0,0,0,0,0,0,0,0,3/30/2025 19:36
3/30/2025 19:36,49.19981956,56,475,250,348.5,330,69,76,2,-3.5,1,306,215,60,60,1,468.5,357,61,64,0,0,0,0,0,0,0,0,0,0,0,0,0,0,0,3/30/2025 19:36
3/30/2025 19:36,50.47035217,57,475,250,349,330,72,76,1,-3.5,1,306,215,60,60,1,468,357,62,64,0,0,0,0,0,0,0,0,0,0,0,0,0,0,0,3/30/2025 19:36
3/30/2025 19:36,53.00188065,58,475,250,349,330,74,76,1,-1.5,1,306.5,215,59,60,1,468.5,356.5,61,63,0,0,0,0,0,0,0,0,0,0,0,0,0,0,0,3/30/2025 19:36
3/30/2025 19:36,49.58105087,59,475,250,349.5,328,73,76,1,-2,1,306.5,215,59,60,1,468.5,357,61,64,0,0,0,0,0,0,0,0,0,0,0,0,0,0,0,3/30/2025 19:36
3/30/2025 19:36,55.00292778,60,475,250,350,326.5,72,75,1,-3.5,1,468.5,357,61,64,1,306,215,60,60,0,0,0,0,0,0,0,0,0,0,0,0,0,0,0,3/30/2025 19:36
3/30/2025 19:36,51.65410042,61,475,250,352.5,325.5,71,79,3.5,-5,1,468.5,357,63,64,1,306,215,60,60,0,0,0,0,0,0,0,0,0,0,0,0,0,0,0,3/30/2025 19:36
3/30/2025 19:36,52.61874199,62,475,250,353,326.5,76,79,4,-2.5,1,306.5,215,59,60,1,468.5,356.5,61,63,0,0,0,0,0,0,0,0,0,0,0,0,0,0,0,3/30/2025 19:36
3/30/2025 19:36,47.50847816,63,475,250,353.5,325.5,77,79,4,-1,1,306,215,60,60,1,468.5,356.5,61,63,0,0,0,0,0,0,0,0,0,0,0,0,0,0,0,3/30/2025 19:36
3/30/2025 19:36,51.30076408,64,475,250,353,323,74,80,1,-3,1,468.5,356.5,61,63,1,306.5,215,59,60,0,0,0,0,0,0,0,0,0,0,0,0,0,0,0,3/30/2025 19:36
3/30/2025 19:36,50.23264885,65,475,250,353,323,72,86,0,-3.5,1,306.5,215,59,60,1,468.5,356.5,61,63,0,0,0,0,0,0,0,0,0,0,0,0,0,0,0,3/30/2025 19:36
3/30/2025 19:36,50.23264885,66,475,250,353,323,72,86,0,-3.5,1,306.5,215,59,60,1,468.5,356.5,61,63,0,0,0,0,0,0,0,0,0,0,0,0,0,0,0,3/30/2025 19:36
3/30/2025 19:36,51.82480812,67,475,250,355.5,324,73,82,2.5,-2.5,1,306.5,215,59,60,1,468.5,356.5,61,63,0,0,0,0,0,0,0,0,0,0,0,0,0,0,0,3/30/2025 19:36
3/30/2025 19:36,52.30331421,68,475,250,356.5,322,73,80,3.5,-2,1,468.5,356.5,61,63,1,306.5,215.5,59,61,0,0,0,0,0,0,0,0,0,0,0,0,0,0,0,3/30/2025 19:36
3/30/2025 19:36,51.00035667,69,475,250,356,320,76,78,3.5,-1.5,1,306.5,215.5,59,61,1,468.5,356.5,61,63,0,0,0,0,0,0,0,0,0,0,0,0,0,0,0,3/30/2025 19:36
3/30/2025 19:36,51.01418495,70,475,250,356.5,318.5,73,79,1.5,-4.5,1,468.5,356.5,61,63,1,306,215.5,60,61,0,0,0,0,0,0,0,0,0,0,0,0,0,0,0,3/30/2025 19:36
3/30/2025 19:36,47.15824127,71,475,250,360,320,70,84,4.5,-3.5,1,468.5,356.5,61,63,1,306.5,215.5,59,61,0,0,0,0,0,0,0,0,0,0,0,0,0,0,0,3/30/2025 19:36
3/30/2025 19:36,48.50721359,72,475,250,362,318.5,68,85,6,-2.5,1,468.5,356.5,61,63,1,306.5,215,59,60,0,0,0,0,0,0,0,0,0,0,0,0,0,0,0,3/30/2025 19:36
3/30/2025 19:36,53.06768417,73,475,250,362,316.5,66,85,6.5,-2.5,1,306,215,60,60,1,468.5,356.5,61,63,0,0,0,0,0,0,0,0,0,0,0,0,0,0,0,3/30/2025 19:36
3/30/2025 19:36,50.90427399,74,475,250,363.5,316.5,67,85,6,-2,1,306.5,215,59,60,1,468.5,356.5,61,63,0,0,0,0,0,0,0,0,0,0,0,0,0,0,0,3/30/2025 19:36
3/30/2025 19:36,52.20317841,75,475,250,364.5,316.5,67,85,3,-2.5,1,468.5,356.5,61,63,1,306.5,215,59,60,0,0,0,0,0,0,0,0,0,0,0,0,0,0,0,3/30/2025 19:36
3/30/2025 19:36,49.66211319,76,475,250,364.5,316,67,84,2,-1.5,1,468.5,356.5,61,63,1,306.5,215,59,60,0,0,0,0,0,0,0,0,0,0,0,0,0,0,0,3/30/2025 19:36
3/30/2025 19:36,58.50768089,77,475,250,364,315.5,68,83,1,-0.5,1,468.5,356.5,61,63,1,306.5,215,59,60,0,0,0,0,0,0,0,0,0,0,0,0,0,0,0,3/30/2025 19:36
3/30/2025 19:36,60.53519249,78,475,250,365,313.5,68,81,0.5,-3,1,468.5,357,61,62,1,306.5,215,59,60,0,0,0,0,0,0,0,0,0,0,0,0,0,0,0,3/30/2025 19:36
3/30/2025 19:36,47.3549366,79,475,250,365,313.5,68,85,0.5,-3,1,468.5,357,61,62,1,306.5,215,59,60,0,0,0,0,0,0,0,0,0,0,0,0,0,0,0,3/30/2025 19:36
3/30/2025 19:36,51.29766464,80,475,250,364.5,312,71,82,0,-3.5,1,306.5,215,59,60,1,468.5,356.5,61,63,0,0,0,0,0,0,0,0,0,0,0,0,0,0,0,3/30/2025 19:36
3/30/2025 19:36,52.19841003,81,475,250,364.5,312,71,82,0,-1.5,1,306.5,215,59,60,1,468.5,357,61,62,0,0,0,0,0,0,0,0,0,0,0,0,0,0,0,3/30/2025 19:36
3/30/2025 19:36,48.59280586,82,475,250,366,311.5,70,81,1,-1.5,1,468.5,356.5,61,63,1,306.5,215,59,60,0,0,0,0,0,0,0,0,0,0,0,0,0,0,0,3/30/2025 19:36
3/30/2025 19:36,50.59599876,83,475,250,367,312.5,68,85,1,0.5,1,306.5,215,59,60,1,468.5,356.5,61,63,0,0,0,0,0,0,0,0,0,0,0,0,0,0,0,3/30/2025 19:36
3/30/2025 19:36,50.59599876,84,475,250,367,312.5,68,85,1,0.5,1,306.5,215,59,60,1,468.5,356.5,61,63,0,0,0,0,0,0,0,0,0,0,0,0,0,0,0,3/30/2025 19:36
3/30/2025 19:37,51.51867867,85,475,250,367,310,68,86,2.5,-2,1,468.5,356.5,61,63,1,306.5,215,59,60,0,0,0,0,0,0,0,0,0,0,0,0,0,0,0,3/30/2025 19:37
3/30/2025 19:37,49.00169373,86,475,250,367,308,68,84,1.5,-3.5,1,468.5,356.5,61,63,1,306.5,215,59,60,0,0,0,0,0,0,0,0,0,0,0,0,0,0,0,3/30/2025 19:37
3/30/2025 19:37,48.02155495,87,475,250,368,308,68,82,1,-4.5,1,306.5,215,59,60,1,468.5,356.5,61,63,0,0,0,0,0,0,0,0,0,0,0,0,0,0,0,3/30/2025 19:37
3/30/2025 19:37,51.96046829,88,475,250,369,308,66,86,2,-3.5,1,468.5,356.5,61,63,1,306.5,215,59,60,0,0,0,0,0,0,0,0,0,0,0,0,0,0,0,3/30/2025 19:37
3/30/2025 19:37,54.50844765,89,475,250,369.5,308.5,63,89,2.5,-0.5,1,306.5,215.5,59,61,1,468.5,356.5,61,63,0,0,0,0,0,0,0,0,0,0,0,0,0,0,0,3/30/2025 19:37
3/30/2025 19:37,52.0529747,90,475,250,370,305.5,68,87,2.5,-2.5,1,480,111,54,56,1,306.5,215,59,60,1,468.5,356.5,61,63,0,0,0,0,0,0,0,0,0,0,3/30/2025 19:37
3/30/2025 19:37,48.56348038,91,475,250,371,304.5,68,85,2.5,-3.5,1,480,111,54,56,1,306.5,215,59,60,1,468.5,357,61,62,0,0,0,0,0,0,0,0,0,0,3/30/2025 19:37
3/30/2025 19:37,47.83606529,92,475,250,372,305,68,80,2.5,-4,1,480,111,54,56,1,468.5,357,61,62,1,306.5,215,59,60,0,0,0,0,0,0,0,0,0,0,3/30/2025 19:37
3/30/2025 19:37,45.96877098,93,475,250,372.5,304,65,82,2.5,-2,1,480,111,54,56,1,468.5,357,61,62,1,306.5,215,59,60,0,0,0,0,0,0,0,0,0,0,3/30/2025 19:37
3/30/2025 19:37,50.0099659,94,475,250,372.5,301,63,84,2,-4,1,480,111,54,56,1,468.5,356.5,61,63,1,306.5,215,59,60,0,0,0,0,0,0,0,0,0,0,3/30/2025 19:37
3/30/2025 19:37,60.00423431,95,475,250,373.5,300.5,63,85,2,-4.5,1,480,110.5,54,55,1,306.5,215,59,60,1,468.5,357,61,62,0,0,0,0,0,0,0,0,0,0,3/30/2025 19:37
3/30/2025 19:37,54.32653427,96,475,250,375,299.5,64,83,2.5,-5.5,1,480,111,54,56,1,468.5,357,61,62,1,306.5,215,59,60,0,0,0,0,0,0,0,0,0,0,3/30/2025 19:37
3/30/2025 19:37,49.62134361,97,475,250,375.5,298.5,61,85,3.5,-3,1,480,111,54,56,1,468,357,60,62,1,306.5,215,59,60,0,0,0,0,0,0,0,0,0,0,3/30/2025 19:37
3/30/2025 19:37,50.07362366,98,475,250,376.5,297.5,61,85,3.5,-3,1,480,111,54,56,1,306.5,215,59,60,1,468,357,60,62,0,0,0,0,0,0,0,0,0,0,3/30/2025 19:37
3/30/2025 19:37,52.59227753,99,475,250,377.5,296,59,84,2.5,-3.5,1,480,111,54,56,1,306.5,215,59,60,1,468.5,357,61,62,0,0,0,0,0,0,0,0,0,0,3/30/2025 19:37
3/30/2025 19:37,52.59227753,100,475,250,377.5,296,59,84,2.5,-3.5,1,480,111,54,56,1,306.5,215,59,60,1,468.5,357,61,62,0,0,0,0,0,0,0,0,0,0,3/30/2025 19:37
3/30/2025 19:37,46.69451714,101,475,250,378,295,62,86,2.5,-3.5,1,480,111,54,56,1,468.5,357,61,62,1,306.5,215,59,60,0,0,0,0,0,0,0,0,0,0,3/30/2025 19:37
3/30/2025 19:37,49.50714111,102,475,250,379,293.5,62,85,2.5,-4,1,306.5,215,59,60,1,480,111,54,56,1,468,357,60,62,0,0,0,0,0,0,0,0,0,0,3/30/2025 19:37
3/30/2025 19:37,52.12402344,103,475,250,379.5,293.5,61,79,2,-3,1,306,215,58,60,1,480,111,54,56,1,468.5,357,61,62,0,0,0,0,0,0,0,0,0,0,3/30/2025 19:37
3/30/2025 19:37,51.06735229,104,475,250,380,292,62,78,2.5,-4,1,480,111,54,56,1,306.5,215,59,60,1,468.5,357,61,62,0,0,0,0,0,0,0,0,0,0,3/30/2025 19:37
3/30/2025 19:37,50.00019073,105,475,250,381,291.5,62,77,2.5,-2.5,1,306.5,215,59,60,1,481,109.5,54,57,1,468,357,60,62,0,0,0,0,0,0,0,0,0,0,3/30/2025 19:37
3/30/2025 19:37,52.8447628,106,475,250,382,289.5,60,79,2.5,-4,1,480,110.5,54,55,1,306.5,215,59,60,1,468.5,357,61,62,0,0,0,0,0,0,0,0,0,0,3/30/2025 19:37
3/30/2025 19:37,49.50809479,107,475,250,383,288.5,58,79,3,-4,1,480,111,54,56,1,306.5,215,59,60,1,468.5,357,61,62,1,602,237.5,58,57,0,0,0,0,0,3/30/2025 19:37
3/30/2025 19:37,52.41560936,108,475,250,383,288,60,76,2.5,-3.5,1,306.5,215,59,60,1,480,111,54,56,1,468.5,357,61,62,1,602,237.5,58,57,0,0,0,0,0,3/30/2025 19:37
3/30/2025 19:37,54.63719368,109,475,250,383.5,287.5,61,77,1.5,-2,1,480.5,110,55,56,1,306.5,215,59,60,1,468.5,357,61,62,1,602,237.5,58,57,0,0,0,0,0,3/30/2025 19:37
3/30/2025 19:37,51.61142349,110,475,250,383.5,287,61,76,0.5,-1.5,1,306.5,215,59,60,1,480.5,110,55,56,1,468.5,357,61,62,1,602,237.5,58,57,0,0,0,0,0,3/30/2025 19:37
3/30/2025 19:37,51.04255676,111,475,250,384.5,286.5,63,75,1.5,-2,1,306.5,215,59,60,1,481,109.5,54,57,1,468.5,357,61,62,1,602,238,58,56,0,0,0,0,0,3/30/2025 19:37
3/30/2025 19:37,54.62002754,112,475,250,386,284,64,70,2.5,-3.5,1,306.5,215,59,60,1,481,110,54,56,1,468,357,60,62,1,602,238,58,56,0,0,0,0,0,3/30/2025 19:37
3/30/2025 19:37,54.62002754,113,475,250,386,284,64,70,2.5,-3.5,1,306.5,215,59,60,1,481,110,54,56,1,468,357,60,62,1,602,238,58,56,0,0,0,0,0,3/30/2025 19:37
3/30/2025 19:37,49.0527153,114,475,250,386.5,283,67,68,3,-4,1,306.5,215,59,60,1,481,109.5,54,57,1,468,357,60,62,1,602,237.5,58,57,0,0,0,0,0,3/30/2025 19:37
3/30/2025 19:37,49.30257797,115,475,250,387.5,282,65,70,3,-4,1,306.5,215,59,60,1,481,110,54,56,1,468.5,357,61,62,1,602,238,58,56,0,0,0,0,0,3/30/2025 19:37
3/30/2025 19:37,49.75891113,116,475,250,388,281,64,72,2,-4,1,481,110,54,56,1,306.5,215,59,60,1,602,237.5,58,57,1,468,357,60,62,0,0,0,0,0,3/30/2025 19:37
3/30/2025 19:37,50.36044121,117,475,250,389,280.5,64,73,2.5,-2.5,1,306.5,215,59,60,1,480.5,110,55,56,1,468,357,60,62,1,602,237.5,58,57,0,0,0,0,0,3/30/2025 19:37
3/30/2025 19:37,50.93479156,118,475,250,390,279,64,72,3,-3.5,1,480.5,110,55,56,1,306.5,215,59,60,1,468,357,60,62,1,602,237.5,58,57,0,0,0,0,0,3/30/2025 19:37
3/30/2025 19:37,49.02148247,119,475,250,390.5,277.5,63,71,3,-4.5,1,481,110,54,56,1,306.5,215,59,60,1,468.5,357,61,62,1,602,237.5,58,57,0,0,0,0,0,3/30/2025 19:37
3/30/2025 19:37,49.00074005,120,475,250,391,277,64,70,2,-3,1,481,110,54,56,1,306.5,215,59,60,1,468.5,357,61,62,1,602,238,58,56,0,0,0,0,0,3/30/2025 19:37
3/30/2025 19:37,50.00042915,121,475,250,392.5,276,67,68,2.5,-3,1,480.5,110,55,56,1,306.5,215,59,60,1,468.5,357,61,62,1,602,238,58,56,0,0,0,0,0,3/30/2025 19:37
3/30/2025 19:37,51.34272575,122,475,250,393.5,274.5,67,69,3,-2.5,1,480,110.5,54,55,1,306.5,215,59,60,1,468,357,60,62,1,602,237.5,58,57,0,0,0,0,0,3/30/2025 19:37
3/30/2025 19:37,51.59378052,123,475,250,395,274,68,66,4,-3,1,480.5,110,55,56,1,306.5,215,59,60,1,468,357,60,62,1,602,238,58,56,0,0,0,0,0,3/30/2025 19:37
3/30/2025 19:37,47.9414463,124,475,250,395,274,66,70,2.5,-2,1,481,110,54,56,1,306.5,215,59,60,1,468.5,357,61,62,1,602,238,58,56,0,0,0,0,0,3/30/2025 19:37
3/30/2025 19:37,51.01370811,125,475,250,396,273.5,68,67,2,-1.5,1,481,110,54,56,1,468,357,60,62,1,306.5,215,59,60,1,602,237.5,58,57,0,0,0,0,0,3/30/2025 19:37
3/30/2025 19:37,53.40313911,126,475,250,397,272.5,68,65,2,-1.5,1,480,111,54,56,1,306.5,215,59,60,1,602,237.5,58,57,1,468,357,60,62,0,0,0,0,0,3/30/2025 19:37
3/30/2025 19:37,51.71513557,127,475,250,397.5,272,69,68,2.5,-2,1,481,110,54,56,1,306.5,215,59,60,1,468.5,357,61,62,1,602,237.5,58,57,0,0,0,0,0,3/30/2025 19:37
3/30/2025 19:37,50.00019073,128,475,250,269,279,68,70,-127,6,1,339,365.5,62,61,1,352.5,118,55,56,1,474,246,60,58,1,177.5,222.5,57,59,0,0,0,0,0,3/30/2025 19:37
3/30/2025 19:37,47.00088501,129,475,250,229,282.5,70,65,-167,9.5,1,311.5,122.5,55,57,1,298.5,369.5,61,61,1,433,250.5,58,57,1,137,227,56,58,0,0,0,0,0,3/30/2025 19:37
3/30/2025 19:37,51.83148384,130,475,250,182.5,283,69,64,-215,11,1,265,124.5,56,57,1,387,252,64,58,1,91.5,228.5,55,57,1,251,371,62,62,0,0,0,0,0,3/30/2025 19:37
3/30/2025 19:37,49.50642586,131,475,250,173.5,281,71,66,-161,8,1,254,124,54,56,1,376,252.5,62,57,1,80,229.5,56,57,1,241,371,64,62,0,0,0,0,0,3/30/2025 19:37
3/30/2025 19:37,52.50740051,132,475,250,174,279.5,70,67,-58.5,-2,1,376,252.5,62,57,1,254.5,124,55,56,1,81,229.5,56,57,1,241,371,64,62,0,0,0,0,0,3/30/2025 19:37
3/30/2025 19:37,48.00081253,133,475,250,174.5,278.5,69,69,-10.5,-4.5,1,376,252.5,62,57,1,254.5,124,55,56,1,81,229,56,58,1,241,371,64,62,0,0,0,0,0,3/30/2025 19:37
3/30/2025 19:37,54.23927307,134,475,250,174.5,277,71,66,1.5,-4.5,1,254.5,124,55,56,1,376,252.5,62,57,1,80.5,229,55,58,1,241,371,64,62,0,0,0,0,0,3/30/2025 19:37
3/30/2025 19:37,53.5132885,135,475,250,175.5,276,71,66,2,-5,1,254.5,124,55,56,1,376,252,62,58,1,80.5,229,55,58,1,241,371,64,62,0,0,0,0,0,3/30/2025 19:37
3/30/2025 19:37,53.5132885,136,475,250,175.5,276,71,66,2,-5,1,254.5,124,55,56,1,376,252,62,58,1,80.5,229,55,58,1,241,371,64,62,0,0,0,0,0,3/30/2025 19:37
3/30/2025 19:37,52.22225189,137,475,250,157.5,276,69,66,-16.5,-3,1,357,254.5,62,57,1,235,126.5,54,57,1,221,373,62,62,1,62,229.5,56,57,0,0,0,0,0,3/30/2025 19:37
3/30/2025 19:37,54.00085449,138,475,250,155.5,272.5,71,67,-19,-5.5,1,217.5,369.5,61,61,1,230.5,122.5,55,57,1,354,250.5,60,57,1,57.5,227.5,57,57,0,0,0,0,0,3/30/2025 19:37
3/30/2025 19:37,55.0570488,139,475,250,156,266.5,70,67,-19,-10,1,219,364.5,62,61,1,232,118,54,56,1,354,245.5,60,57,1,59.5,221.5,55,57,0,0,0,0,0,3/30/2025 19:37
3/30/2025 19:37,49.69596863,140,475,250,156.5,265.5,71,69,-19,-9.5,1,219,364.5,62,61,1,232.5,118,55,56,1,354.5,245,61,58,1,59.5,221,55,58,0,0,0,0,0,3/30/2025 19:37
3/30/2025 19:37,48.96426201,141,475,250,158,264,70,68,5,-11,1,219,364.5,62,61,1,232.5,117.5,55,57,1,354.5,245.5,59,57,1,59,222,56,58,0,0,0,0,0,3/30/2025 19:37
3/30/2025 19:37,44.96121407,142,475,250,159,262.5,70,69,3,-4,1,219,364.5,62,61,1,232.5,118,55,56,1,354,245.5,60,57,1,59,222,56,58,0,0,0,0,0,3/30/2025 19:37
3/30/2025 19:37,47.32441902,143,475,250,158.5,262,69,68,2,-4.5,1,219,364.5,62,61,1,232.5,118,55,56,1,354.5,245.5,61,57,1,59,222,56,58,0,0,0,0,0,3/30/2025 19:37
3/30/2025 19:37,48.5200882,144,475,250,158.5,261.5,69,65,1,-3,1,219,365,62,62,1,232.5,118,55,56,1,354.5,245.5,61,57,1,59,222,56,58,0,0,0,0,0,3/30/2025 19:37
3/30/2025 19:38,47.47390747,145,475,250,159.5,260.5,71,63,0.5,-2,1,219,364.5,62,61,1,232.5,117.5,55,55,1,354.5,245,61,58,1,59,221.5,56,57,0,0,0,0,0,3/30/2025 19:38
3/30/2025 19:38,46.3488102,146,475,250,161,258.5,68,67,2.5,-3,1,219,365,62,62,1,232.5,118,55,56,1,354,245.5,60,57,1,59,222,56,58,0,0,0,0,0,3/30/2025 19:38
3/30/2025 19:38,47.83010483,147,475,250,162,257.5,68,67,3.5,-4,1,219,364.5,62,61,1,232.5,118,55,56,1,354.5,245,61,58,1,59,222,56,58,0,0,0,0,0,3/30/2025 19:38
3/30/2025 19:38,48.53129387,148,475,250,161.5,257.5,67,69,3,-2.5,1,219,364.5,62,61,1,232.5,118,55,56,1,354.5,245,61,58,1,59,222,56,58,0,0,0,0,0,3/30/2025 19:38
3/30/2025 19:38,49.86453056,149,475,250,161.5,257,67,70,1,-2,1,219,364.5,62,61,1,232.5,118,55,56,1,354.5,245.5,61,57,1,58.5,222,55,58,0,0,0,0,0,3/30/2025 19:38
3/30/2025 19:38,50.00209808,150,475,250,162,255.5,70,67,0,-2,1,219,365,62,62,1,232.5,118,55,56,1,354.5,245,61,58,1,58.5,222,55,58,0,0,0,0,0,3/30/2025 19:38
3/30/2025 19:38,50.25076866,151,475,250,161.5,255,71,68,-0.5,-2.5,1,219,364.5,62,61,1,232,118,54,56,1,354.5,245,61,58,1,59,222,56,58,0,0,0,0,0,3/30/2025 19:38
3/30/2025 19:38,52.00505257,152,475,250,162.5,253,73,66,1,-3.5,1,219,364.5,62,61,1,232.5,118,55,56,1,354,245.5,60,57,1,58.5,222,55,58,0,0,0,0,0,3/30/2025 19:38
3/30/2025 19:38,44.73185539,153,475,250,164,252,72,62,2.5,-3.5,1,219,364.5,62,61,1,232.5,118,55,56,1,354.5,245.5,61,57,1,58.5,222,55,58,0,0,0,0,0,3/30/2025 19:38
3/30/2025 19:38,49.07155037,154,475,250,162.5,250.5,73,65,0.5,-5,1,218.5,365,61,62,1,232.5,118,55,56,1,354,245.5,60,57,1,58.5,222,55,58,0,0,0,0,0,3/30/2025 19:38
3/30/2025 19:38,51.9990921,155,475,250,162.5,250,71,66,0,-4,1,219,365,62,62,1,232,118,54,56,1,354,245.5,60,57,1,58.5,222,55,58,0,0,0,0,0,3/30/2025 19:38
3/30/2025 19:38,51.9990921,156,475,250,162.5,250,71,66,0,-4,1,219,365,62,62,1,232,118,54,56,1,354,245.5,60,57,1,58.5,222,55,58,0,0,0,0,0,3/30/2025 19:38
3/30/2025 19:38,49.78013039,157,475,250,162.5,248.5,73,65,-1,-3,1,219,365,62,62,1,232.5,118,55,56,1,354.5,245,61,58,1,58.5,222,55,58,0,0,0,0,0,3/30/2025 19:38
3/30/2025 19:38,51.99742317,158,475,250,162.5,247.5,71,65,0,-3,1,218.5,364.5,61,61,1,232,118,54,56,1,354.5,245,61,58,1,59,222,56,58,0,0,0,0,0,3/30/2025 19:38
3/30/2025 19:38,54.00061607,159,475,250,162.5,246,71,68,0,-3.5,1,219,365,62,62,1,232.5,118,55,56,1,354.5,245,61,58,1,58.5,222,55,58,0,0,0,0,0,3/30/2025 19:38
3/30/2025 19:38,49.06320572,160,475,250,164,245.5,68,71,2,-3,1,219,365,62,62,1,232.5,118,55,56,1,354.5,245.5,59,57,1,59,222,56,58,0,0,0,0,0,3/30/2025 19:38
3/30/2025 19:38,50.00162125,161,475,250,164,244,70,72,2,-4.5,1,219,365,62,62,1,232.5,118,55,56,1,354,245.5,60,57,1,58.5,222,55,58,0,0,0,0,0,3/30/2025 19:38
3/30/2025 19:38,53.01904678,162,475,250,164.5,242,71,72,2,-5,1,219,365,62,62,1,232.5,118,55,56,1,354,245.5,60,57,1,59,222,56,58,0,0,0,0,0,3/30/2025 19:38
3/30/2025 19:38,51.18298531,163,475,250,164,239,74,74,0.5,-7,1,219,365,62,62,1,232,117.5,54,55,1,354.5,245,61,58,1,59,222,56,58,0,0,0,0,0,3/30/2025 19:38
3/30/2025 19:38,48.50912094,164,475,250,164.5,239,73,76,1,-6,1,219,365,62,62,1,232.5,118,55,56,1,354,245.5,60,57,1,59,222,56,58,0,0,0,0,0,3/30/2025 19:38
3/30/2025 19:38,56.46371841,165,475,250,165,238,72,74,1,-4,1,219,365,62,62,1,232.5,117,55,56,1,354.5,245,61,58,1,59,222,56,58,0,0,0,0,0,3/30/2025 19:38
3/30/2025 19:38,49.98373985,166,475,250,165,236.5,72,75,-0.5,-5,1,219,365,62,62,1,232,117.5,54,57,1,354,245.5,60,57,1,59,222,56,58,0,0,0,0,0,3/30/2025 19:38
3/30/2025 19:38,51.16581917,167,475,250,166,234.5,74,75,1.5,-5,1,219,365,62,62,1,232.5,117.5,55,57,1,354,245.5,60,57,1,59,222,56,58,0,0,0,0,0,3/30/2025 19:38
3/30/2025 19:38,47.488451,168,475,250,167.5,233,73,74,3,-5.5,1,219,365,62,62,1,232.5,118,55,56,1,354.5,245,61,58,1,59,222,56,58,0,0,0,0,0,3/30/2025 19:38
3/30/2025 19:38,47.00040817,169,475,250,167.5,233,71,72,2.5,-3.5,1,219,365,62,62,1,232.5,118,55,56,1,354.5,245.5,61,57,1,59,222,56,58,0,0,0,0,0,3/30/2025 19:38
3/30/2025 19:38,45.00150681,170,475,250,167.5,231.5,73,71,1.5,-3,1,219,365,62,62,1,232.5,118,55,56,1,354.5,245.5,61,57,1,59,222,56,58,0,0,0,0,0,3/30/2025 19:38
3/30/2025 19:38,52.00433731,171,475,250,168.5,231,71,72,1,-2,1,219,365,62,62,1,232.5,118,55,56,1,354.5,245.5,61,57,1,59,222,56,58,0,0,0,0,0,3/30/2025 19:38
3/30/2025 19:38,46.53358459,172,475,250,169.5,230,73,74,2.5,-3,1,219,364.5,62,63,1,232.5,117.5,55,57,1,354.5,245.5,61,57,1,59,222,56,58,0,0,0,0,0,3/30/2025 19:38
3/30/2025 19:38,46.53358459,173,475,250,169.5,230,73,74,2.5,-3,1,219,364.5,62,63,1,232.5,117.5,55,57,1,354.5,245.5,61,57,1,59,222,56,58,0,0,0,0,0,3/30/2025 19:38
3/30/2025 19:38,47.50800133,174,475,250,170,230.5,72,75,2.5,-1,1,219,365,62,62,1,232.5,117.5,55,57,1,354,245.5,60,57,1,59,222,56,58,0,0,0,0,0,3/30/2025 19:38
3/30/2025 19:38,47.52063751,175,475,250,170.5,228,73,72,2.5,-2.5,1,219,364.5,62,63,1,232.5,117.5,55,57,1,354.5,245,61,58,1,59,222,56,58,0,0,0,0,0,3/30/2025 19:38
3/30/2025 19:38,48.60806465,176,475,250,172.5,225.5,71,77,3.5,-5,1,219,365,62,62,1,232,118,54,56,1,354.5,245,61,58,1,59,222,56,58,0,0,0,0,0,3/30/2025 19:38
3/30/2025 19:38,55.05871773,177,475,250,173,224,70,76,2.5,-6,1,219,364.5,62,63,1,232.5,118,55,56,1,354.5,245.5,61,57,1,59,222,56,58,0,0,0,0,0,3/30/2025 19:38
3/30/2025 19:38,48.05922508,178,475,250,174,222.5,74,77,3.5,-6,1,218.5,365,61,62,1,232.5,118,55,56,1,354.5,245.5,61,57,1,59,222,56,58,0,0,0,0,0,3/30/2025 19:38
3/30/2025 19:38,51.8693924,179,475,250,175,221.5,72,79,3,-4.5,1,219,365,62,62,1,232,118,54,56,1,354.5,245,61,58,1,59,222,56,58,0,0,0,0,0,3/30/2025 19:38
3/30/2025 19:38,45.51339149,180,475,250,176,220,76,74,3,-4,1,219,365,62,62,1,232.5,118,55,56,1,354.5,245.5,61,57,1,59,222,56,58,0,0,0,0,0,3/30/2025 19:38
3/30/2025 19:38,45.00007629,181,475,250,177.5,220.5,77,71,4,-2.5,1,219,365,62,62,1,232.5,118,55,56,1,354.5,245.5,59,57,1,59,222,56,58,0,0,0,0,0,3/30/2025 19:38
3/30/2025 19:38,48.00033569,182,475,250,179.5,221.5,81,67,4,-0.5,1,219,365,62,62,1,232.5,117.5,55,57,1,354.5,245.5,61,57,1,59,222,56,58,0,0,0,0,0,3/30/2025 19:38
3/30/2025 19:38,53.00045013,183,475,250,182,222,74,70,6,1.5,1,219,364.5,62,61,1,232.5,118,55,56,1,354.5,245.5,61,57,1,59,222,56,58,0,0,0,0,0,3/30/2025 19:38
3/30/2025 19:38,47.60861397,184,475,250,183.5,222,75,72,7,2,1,219,365,62,62,1,232.5,117.5,55,57,1,354,245,60,58,1,59,222,56,58,0,0,0,0,0,3/30/2025 19:38
3/30/2025 19:38,52.90293694,185,475,250,184.5,223.5,73,75,5.5,2,1,219,365,62,62,1,232.5,118,55,56,1,354.5,245.5,61,57,1,59,222,56,58,0,0,0,0,0,3/30/2025 19:38
3/30/2025 19:38,47.50704765,186,475,250,185,223.5,70,79,2.5,1.5,1,219,365,62,62,1,232.5,118,55,56,1,354.5,245.5,61,57,1,58.5,222,55,58,0,0,0,0,0,3/30/2025 19:38
3/30/2025 19:38,55.30405045,187,475,250,186,223.5,64,85,3,1,1,219,365,62,62,1,232.5,117.5,55,57,1,354,245.5,60,57,1,58.5,222,55,58,0,0,0,0,0,3/30/2025 19:38
3/30/2025 19:38,48.26140404,188,475,250,188.5,224.5,73,81,4.5,1.5,1,219,364,62,62,1,232.5,117.5,55,57,1,354,245.5,60,57,1,59,222,56,58,0,0,0,0,0,3/30/2025 19:38
3/30/2025 19:38,52.50906944,189,475,250,189.5,224,71,82,4.5,1,1,219,365,62,62,1,232.5,118,55,56,1,354.5,245,61,58,1,58.5,222,55,58,0,0,0,0,0,3/30/2025 19:38
3/30/2025 19:38,49.03888702,190,475,250,190.5,224.5,67,85,5,1,1,219,365,62,62,1,232.5,118,55,56,1,354.5,245,61,58,1,59,222,56,58,0,0,0,0,0,3/30/2025 19:38
3/30/2025 19:38,48.64144325,191,475,250,192.5,224.5,71,83,5,-0.5,1,219,364.5,62,63,1,232.5,118,55,56,1,354.5,245.5,61,57,1,59,222,56,58,0,0,0,0,0,3/30/2025 19:38
3/30/2025 19:38,48.64144325,192,475,250,192.5,224.5,71,83,5,-0.5,1,219,364.5,62,63,1,232.5,118,55,56,1,354.5,245.5,61,57,1,59,222,56,58,0,0,0,0,0,3/30/2025 19:38
3/30/2025 19:38,52.50263214,193,475,250,193.5,224.5,69,81,4,0.5,1,219,365,62,62,1,232.5,118,55,56,1,354,245.5,60,57,1,58.5,222,55,58,0,0,0,0,0,3/30/2025 19:38
3/30/2025 19:38,45.50719261,194,475,250,194,223.5,70,81,3.5,-1,1,219,365,62,62,1,232.5,118,55,56,1,354.5,245.5,61,57,1,59,222,56,58,0,0,0,0,0,3/30/2025 19:38
3/30/2025 19:38,51.58615112,195,475,250,196,225,70,84,4,1,1,219,365,62,62,1,232.5,117.5,55,57,1,354.5,245,61,58,1,59,222,56,58,0,0,0,0,0,3/30/2025 19:38
3/30/2025 19:38,49.50809479,196,475,250,197,224.5,70,87,4,-0.5,1,219,365,62,62,1,232.5,118,55,56,1,354.5,245,61,58,1,58.5,222,55,58,0,0,0,0,0,3/30/2025 19:38
3/30/2025 19:38,49.38650131,197,475,250,198.5,224.5,67,87,4.5,0.5,1,219,364.5,62,63,1,232.5,118,55,56,1,354,245.5,60,57,1,58.5,222,55,58,0,0,0,0,0,3/30/2025 19:38
3/30/2025 19:38,49.51572418,198,475,250,199.5,225.5,67,89,0,0,1,219,365,62,62,1,232.5,118,55,56,1,354,245.5,60,57,1,58.5,222,55,58,0,0,0,0,0,3/30/2025 19:38
3/30/2025 19:38,52.00028419,199,475,250,200.5,225,71,90,4,0,1,219,365,62,62,1,232.5,118,55,56,1,354.5,245,61,58,1,58.5,222,55,58,0,0,0,0,0,3/30/2025 19:38
3/30/2025 19:38,52.00099945,200,475,250,202,226.5,68,95,4.5,2,1,219,365,62,62,1,232.5,118,55,56,1,354.5,245.5,59,57,1,58.5,221.5,55,59,0,0,0,0,0,3/30/2025 19:38
3/30/2025 19:38,49.00121689,201,475,250,203.5,227.5,69,93,4.5,3,1,218.5,365,61,62,1,232.5,118,55,56,1,354.5,245.5,61,57,1,58.5,222,55,58,0,0,0,0,0,3/30/2025 19:38
3/30/2025 19:38,51.1174202,202,475,250,204.5,229,69,90,3,3.5,1,219,365,62,62,1,232.5,117.5,55,57,1,354,245.5,60,57,1,58.5,221.5,55,59,0,0,0,0,0,3/30/2025 19:38
3/30/2025 19:38,45.67027092,203,475,250,205.5,230,67,90,4,4,1,219,364.5,62,61,1,232.5,118,55,56,1,354.5,245,61,58,1,59,221.5,56,59,0,0,0,0,0,3/30/2025 19:38
3/30/2025 19:38,54.50844765,204,475,250,208,230.5,66,91,4.5,3,1,219,365,62,62,1,232.5,118,55,56,1,354.5,245.5,61,57,1,58.5,222,55,58,0,0,0,0,0,3/30/2025 19:38
3/30/2025 19:39,43.04695129,205,475,250,209.5,231,63,90,5.5,2.5,1,219,365,62,62,1,232,118,54,56,1,354.5,245,61,58,1,58.5,222,55,58,0,0,0,0,0,3/30/2025 19:39
3/30/2025 19:39,44.00086403,206,475,250,210,230.5,64,89,4.5,1,1,219,365,62,62,1,232.5,118,55,56,1,354.5,245,61,58,1,58.5,221.5,55,57,0,0,0,0,0,3/30/2025 19:39
3/30/2025 19:39,46.45848274,207,475,250,212,231,62,90,4,0.5,1,218.5,365,61,62,1,232.5,118,55,56,1,354.5,245.5,61,57,1,58.5,222,55,58,0,0,0,0,0,3/30/2025 19:39
3/30/2025 19:39,48.55322838,208,475,250,214,231.5,60,91,4.5,0.5,1,218.5,365,61,62,1,232.5,118,55,56,1,354.5,245.5,61,57,1,58.5,222,55,58,0,0,0,0,0,3/30/2025 19:39
3/30/2025 19:39,51.5062809,209,475,250,214.5,232,59,92,4.5,1.5,1,219,365,62,62,1,232.5,118,55,56,1,354.5,245.5,61,57,1,58.5,222,55,58,0,0,0,0,0,3/30/2025 19:39
3/30/2025 19:39,46.35047913,210,475,250,216.5,233,57,92,5,2.5,1,218.5,365,61,62,1,232.5,118,55,56,1,354.5,245.5,61,57,1,58.5,222,55,58,0,0,0,0,0,3/30/2025 19:39
3/30/2025 19:39,46.35047913,211,475,250,216.5,233,57,92,5,2.5,1,218.5,365,61,62,1,232.5,118,55,56,1,354.5,245.5,61,57,1,58.5,222,55,58,0,0,0,0,0,3/30/2025 19:39
3/30/2025 19:39,49.00193214,212,475,250,218,233,58,94,4,1.5,1,219,365,62,62,1,232.5,118,55,56,1,354.5,245.5,61,57,1,58.5,222,55,58,0,0,0,0,0,3/30/2025 19:39
3/30/2025 19:39,51.00226402,213,475,250,218.5,233.5,53,93,4,1,1,219,364.5,62,61,1,232.5,117.5,55,57,1,354.5,245.5,59,57,1,58.5,222,55,58,0,0,0,0,0,3/30/2025 19:39
3/30/2025 19:39,55.22942543,214,475,250,218.5,235,57,94,2,2.5,1,218.5,364.5,61,61,1,232.5,118,55,56,1,354.5,245,61,58,1,58.5,221.5,55,59,0,0,0,0,0,3/30/2025 19:39
3/30/2025 19:39,52.14762688,215,475,250,220.5,236,57,92,3,2.5,1,219,365,62,62,1,232.5,118,55,56,1,354.5,245.5,61,57,1,59,222,56,58,0,0,0,0,0,3/30/2025 19:39
3/30/2025 19:39,50.24766922,216,475,250,222.5,236,55,94,4.5,2.5,1,218.5,365,61,62,1,232.5,118,55,56,1,354.5,245,61,58,1,59,221.5,56,59,0,0,0,0,0,3/30/2025 19:39
3/30/2025 19:39,49.22509193,217,475,250,224,236,56,94,5,2,1,219,365,62,62,1,232.5,118,55,56,1,354.5,245,61,58,1,59,222,56,58,0,0,0,0,0,3/30/2025 19:39
3/30/2025 19:39,53.02166939,218,475,250,224.5,236.5,57,93,0,0,1,219,364.5,62,63,1,232.5,117.5,55,57,1,354.5,245.5,61,57,1,58.5,221.5,55,59,0,0,0,0,0,3/30/2025 19:39
3/30/2025 19:39,53.02166939,219,475,250,224.5,236.5,57,93,0,0,1,219,364.5,62,63,1,232.5,117.5,55,57,1,354.5,245.5,61,57,1,58.5,221.5,55,59,0,0,0,0,0,3/30/2025 19:39
3/30/2025 19:39,53.05886269,220,475,250,225.5,240,45,104,5,4,1,219,365,62,62,1,232.5,118,55,56,1,354.5,245.5,61,57,1,59,222,56,58,0,0,0,0,0,3/30/2025 19:39
3/30/2025 19:39,52.5226593,221,475,250,226.5,241,41,100,3,4.5,1,219,364.5,62,61,1,232.5,118,55,56,1,354,245.5,60,57,1,58.5,222,55,58,0,0,0,0,0,3/30/2025 19:39
3/30/2025 19:39,54.50797081,222,475,250,227,239,44,92,2.5,3,1,219,365,62,62,1,232.5,118,55,56,1,354.5,245.5,61,57,1,58.5,222,55,58,0,0,0,0,0,3/30/2025 19:39
3/30/2025 19:39,47.00112343,223,475,250,227.5,239,45,92,2.5,-1,1,218.5,365,61,62,1,354.5,245.5,59,57,1,232,117,54,56,1,58.5,221.5,55,57,0,0,0,0,0,3/30/2025 19:39
3/30/2025 19:39,53.5094738,224,475,250,229.5,240,47,88,3.5,-0.5,1,219,364.5,62,61,1,232,118,54,56,1,355,245.5,60,57,1,59,222,56,58,0,0,0,0,0,3/30/2025 19:39
3/30/2025 19:39,50.70161819,225,475,250,231,238.5,48,89,4.5,-1,1,219,364.5,62,61,1,232,117.5,54,55,1,354.5,245.5,61,57,1,59,221.5,56,57,0,0,0,0,0,3/30/2025 19:39
3/30/2025 19:39,52.42657661,226,475,250,231.5,239,53,86,4,-0.5,1,219,364.5,62,61,1,232,117.5,54,57,1,354.5,245.5,61,57,1,58.5,222,55,58,0,0,0,0,0,3/30/2025 19:39
3/30/2025 19:39,51.02658272,227,475,250,232.5,243.5,53,89,3.5,4,1,219,364.5,62,61,1,232.5,117.5,55,57,1,354.5,245.5,61,57,1,59,221.5,56,59,0,0,0,0,0,3/30/2025 19:39
3/30/2025 19:39,55.01699448,228,475,250,233,244,56,84,3,5,1,219,365,62,62,1,232.5,117.5,55,57,1,354.5,245.5,61,57,1,59,222,56,58,0,0,0,0,0,3/30/2025 19:39
3/30/2025 19:39,52.50930786,229,475,250,234.5,241,57,76,3.5,2,1,219,365,62,62,1,232.5,118,55,56,1,354.5,245.5,61,57,1,59,222,56,58,0,0,0,0,0,3/30/2025 19:39
3/30/2025 19:39,50.76384544,230,475,250,236,242.5,56,63,4,2.5,1,218.5,365,61,62,1,232,117.5,54,55,1,355,245.5,60,57,1,58.5,221.5,55,59,0,0,0,0,0,3/30/2025 19:39
3/30/2025 19:39,50.10509491,231,475,250,235.5,245,59,56,3,1.5,1,219,365,62,62,1,232,118,54,56,1,355,245.5,60,57,1,58.5,222,55,58,0,0,0,0,0,3/30/2025 19:39
3/30/2025 19:39,52.21223831,232,475,250,237,245,64,58,3,3.5,1,219,364.5,62,61,1,232,118,54,56,1,354.5,245.5,59,57,1,58.5,221.5,55,59,0,0,0,0,0,3/30/2025 19:39
3/30/2025 19:39,51.00274086,233,475,250,239,244.5,66,55,2.5,2.5,1,218.5,365,61,62,1,232,118,54,56,1,354.5,245.5,59,57,1,58.5,221.5,55,57,0,0,0,0,0,3/30/2025 19:39
3/30/2025 19:39,45.02511024,234,475,250,239.5,242.5,69,51,4,-2.5,1,219,365,62,62,1,232,118,54,56,1,354.5,245.5,61,57,1,58.5,222,55,58,0,0,0,0,0,3/30/2025 19:39
3/30/2025 19:39,47.50871658,235,475,250,241,241.5,66,49,4.5,-3.5,1,218.5,365,61,62,1,232,118,54,56,1,354.5,245.5,61,57,1,58.5,222,55,58,0,0,0,0,0,3/30/2025 19:39
3/30/2025 19:39,47.50871658,236,475,250,241,241.5,66,49,4.5,-3.5,1,218.5,365,61,62,1,232,118,54,56,1,354.5,245.5,61,57,1,58.5,222,55,58,0,0,0,0,0,3/30/2025 19:39
3/30/2025 19:39,45.64785957,237,475,250,243,241.5,66,51,3.5,-3,1,218.5,365,61,62,1,232,118,54,56,1,354.5,245.5,59,57,1,58.5,221.5,55,59,0,0,0,0,0,3/30/2025 19:39
3/30/2025 19:39,51.00226402,238,475,250,244,241.5,66,51,4,-1.5,1,219,365,62,62,1,232,118,54,56,1,354.5,245.5,61,57,1,59,222,56,58,0,0,0,0,0,3/30/2025 19:39
3/30/2025 19:39,51.43332481,239,475,250,244,242,68,54,5,0.5,1,218.5,365,61,62,1,232,118,54,56,1,354.5,245.5,61,57,1,59,222,56,58,0,0,0,0,0,3/30/2025 19:39
3/30/2025 19:39,45.84932327,240,475,250,245,243,70,52,2,1,1,218.5,364.5,61,61,1,232,118,54,56,1,355,245.5,60,57,1,58.5,222,55,58,0,0,0,0,0,3/30/2025 19:39
3/30/2025 19:39,45.04108429,241,475,250,245.5,244,73,52,1.5,2.5,1,219,365,62,62,1,232.5,117.5,55,57,1,354.5,245,61,58,1,58.5,222,55,58,0,0,0,0,0,3/30/2025 19:39
3/30/2025 19:39,53.51138115,242,475,250,247.5,243.5,73,57,3,1.5,1,219,365,62,62,1,232.5,118,55,56,1,354.5,245.5,61,57,1,59,222,56,58,0,0,0,0,0,3/30/2025 19:39
3/30/2025 19:39,50.52471161,243,475,250,249,243.5,76,59,4,0.5,1,219,365,62,62,1,232,117.5,54,57,1,354.5,245.5,61,57,1,58.5,222,55,58,0,0,0,0,0,3/30/2025 19:39
3/30/2025 19:39,47.00160027,244,475,250,249,245.5,70,65,3.5,1.5,1,219,365,62,62,1,232.5,117.5,55,57,1,354.5,245.5,61,57,1,59,222,56,58,0,0,0,0,0,3/30/2025 19:39
3/30/2025 19:39,49.15571213,245,475,250,250,246.5,70,65,3,2,1,218.5,365,61,62,1,232.5,118,55,56,1,354.5,245.5,61,57,1,58.5,222,55,58,0,0,0,0,0,3/30/2025 19:39
3/30/2025 19:39,54.16226387,246,475,250,252.5,244.5,73,65,4,0.5,1,219,365,62,62,1,232.5,118,55,56,1,354.5,245.5,61,57,1,58.5,221.5,55,59,0,0,0,0,0,3/30/2025 19:39
3/30/2025 19:39,50.51136017,247,475,250,253.5,241.5,77,67,4,-3,1,218.5,365,61,62,1,232.5,118,55,56,1,354.5,245.5,61,57,1,59,222,56,58,0,0,0,0,0,3/30/2025 19:39
3/30/2025 19:39,50.64153671,248,475,250,254.5,240.5,75,69,4.5,-5,1,219,365,62,62,1,232.5,117.5,55,57,1,354.5,245,59,56,1,58.5,222,55,58,0,0,0,0,0,3/30/2025 19:39
3/30/2025 19:39,50.0228405,249,475,250,256.5,241,75,66,4.5,-5,1,219,365,62,62,1,232.5,118,55,56,1,354.5,245.5,59,55,1,58.5,222,55,58,0,0,0,0,0,3/30/2025 19:39
3/30/2025 19:39,48.14553261,250,475,250,257.5,240.5,73,65,3.5,-2,1,219,364.5,62,61,1,232.5,117.5,55,57,1,354.5,245,59,56,1,59,222,56,58,0,0,0,0,0,3/30/2025 19:39
3/30/2025 19:39,48.14553261,251,475,250,257.5,240.5,73,65,3.5,-2,1,219,364.5,62,61,1,232.5,117.5,55,57,1,354.5,245,59,56,1,59,222,56,58,0,0,0,0,0,3/30/2025 19:39
3/30/2025 19:39,51.59926414,252,475,250,259.5,241,73,72,5,1,1,219,365,62,62,1,232.5,117.5,55,57,1,354.5,245.5,61,57,1,59,222,56,58,0,0,0,0,0,3/30/2025 19:39
3/30/2025 19:39,48.69294167,253,475,250,261,239.5,74,73,5,-1,1,219,365,62,62,1,232.5,117.5,55,57,1,354.5,245.5,61,57,1,59,222,56,58,0,0,0,0,0,3/30/2025 19:39
3/30/2025 19:39,48.98405075,254,475,250,260,239,76,72,2,-1.5,1,219,365,62,62,1,232.5,118,55,56,1,354.5,245,59,56,1,59,221.5,56,59,0,0,0,0,0,3/30/2025 19:39
3/30/2025 19:39,44.4715023,255,475,250,259.5,238.5,75,73,0,-2.5,1,219,365,62,62,1,232.5,118,55,56,1,354.5,245.5,61,57,1,59,222,56,58,0,0,0,0,0,3/30/2025 19:39
3/30/2025 19:39,57.06191063,256,475,250,258.5,238,75,74,-2.5,-2,1,218.5,364.5,61,61,1,232,118,54,56,1,354.5,245.5,61,57,1,58.5,222,55,58,0,0,0,0,0,3/30/2025 19:39
3/30/2025 19:39,51.77974701,257,475,250,258.5,235.5,73,73,-1.5,-3.5,1,219,364.5,62,61,1,232.5,117.5,55,57,1,354.5,245.5,61,57,1,59,222,56,58,0,0,0,0,0,3/30/2025 19:39
3/30/2025 19:39,49.87454414,258,475,250,257.5,235.5,71,77,-2,-3,1,218.5,365,61,62,1,232.5,118,55,56,1,354.5,245.5,59,57,1,58.5,222,55,58,0,0,0,0,0,3/30/2025 19:39
3/30/2025 19:39,47.06096649,259,475,250,256.5,233.5,73,77,-2,-4.5,1,219,364.5,62,61,1,232.5,118,55,56,1,354.5,245.5,61,57,1,58.5,222,55,58,0,0,0,0,0,3/30/2025 19:39
3/30/2025 19:39,55.95517159,260,475,250,255.5,233,73,78,-3,-2.5,1,219,364,62,62,1,232,117.5,54,55,1,354.5,245.5,61,57,1,59,221.5,56,57,0,0,0,0,0,3/30/2025 19:39
3/30/2025 19:39,48.52104187,261,475,250,254.5,233,71,78,-3,-2.5,1,219,365,62,62,1,232.5,118,55,56,1,354.5,245.5,61,57,1,58.5,222,55,58,0,0,0,0,0,3/30/2025 19:39
3/30/2025 19:39,46.77796364,262,475,250,253.5,232,69,80,-3,-1.5,1,219,364.5,62,61,1,232.5,118,55,56,1,354.5,245.5,61,57,1,58.5,222,55,58,0,0,0,0,0,3/30/2025 19:39
3/30/2025 19:39,47.00183868,263,475,250,252.5,230.5,69,81,-3,-2.5,1,219,364.5,62,61,1,354.5,245,61,58,1,232,117,54,56,1,59,222,56,58,0,0,0,0,0,3/30/2025 19:39
3/30/2025 19:39,48.00224304,264,475,250,253,229.5,66,83,-1.5,-3.5,1,219,364.5,62,61,1,232.5,117.5,55,55,1,354.5,245.5,61,57,1,59,222,56,58,0,0,0,0,0,3/30/2025 19:39
3/30/2025 19:40,47.3947525,265,475,250,253.5,227.5,67,83,0,-4,1,219,365,62,62,1,232.5,117.5,55,55,1,354.5,245.5,61,57,1,58.5,222,55,58,0,0,0,0,0,3/30/2025 19:40
3/30/2025 19:40,48.28500748,266,475,250,253,226,68,82,0.5,-5,1,219,364,62,62,1,354.5,245.5,61,57,1,232.5,117.5,55,55,1,58.5,221.5,55,59,0,0,0,0,0,3/30/2025 19:40
3/30/2025 19:40,52.83522606,267,475,250,252,225,68,84,-1,-5,1,218.5,364.5,61,61,1,354.5,245.5,61,57,1,232,117.5,54,55,1,59,222,56,58,0,0,0,0,0,3/30/2025 19:40
3/30/2025 19:40,52.01172829,268,475,250,251.5,221.5,71,81,-1.5,-7,1,219,365,62,62,1,232,117.5,54,55,1,354.5,245.5,61,57,1,59,222,56,58,0,0,0,0,0,3/30/2025 19:40
3/30/2025 19:40,51.16248131,269,475,250,251,224,66,86,-2,-2.5,1,219,365,62,62,1,232.5,118,55,56,1,354.5,245.5,61,57,1,58.5,222,55,58,0,0,0,0,0,3/30/2025 19:40
3/30/2025 19:40,51.37228966,270,475,250,252,224.5,66,89,-0.5,-1,1,219,364.5,62,61,1,232.5,117.5,55,55,1,354.5,245.5,61,57,1,58.5,221,55,58,0,0,0,0,0,3/30/2025 19:40
3/30/2025 19:40,47.64056206,271,475,250,252.5,225.5,67,89,1,3,1,218.5,364.5,61,61,1,354.5,245.5,61,57,1,232.5,117.5,55,55,1,58.5,221.5,55,59,0,0,0,0,0,3/30/2025 19:40
3/30/2025 19:40,48.81906509,272,475,250,253,225.5,68,87,2,1.5,1,218.5,365,61,62,1,232,118,54,56,1,355,245.5,60,57,1,59,222,56,58,0,0,0,0,0,3/30/2025 19:40
3/30/2025 19:40,46.78797722,273,475,250,253,226.5,66,85,0.5,3.5,1,218.5,364.5,61,61,1,232.5,117.5,55,57,1,354.5,245.5,61,57,1,58.5,222,55,58,0,0,0,0,0,3/30/2025 19:40
3/30/2025 19:40,46.78797722,274,475,250,253,226.5,66,85,0.5,3.5,1,218.5,364.5,61,61,1,232.5,117.5,55,57,1,354.5,245.5,61,57,1,58.5,222,55,58,0,0,0,0,0,3/30/2025 19:40
3/30/2025 19:40,50.99868774,275,475,250,253,227.5,64,87,0.5,1.5,1,218.5,364.5,61,61,1,355,245.5,60,57,1,232.5,117.5,55,57,1,58.5,221.5,55,59,0,0,0,0,0,3/30/2025 19:40
3/30/2025 19:40,48.42734337,276,475,250,254,228.5,66,87,1,3,1,218.5,364.5,61,61,1,232.5,117.5,55,55,1,354.5,245.5,61,57,1,58.5,221.5,55,59,0,0,0,0,0,3/30/2025 19:40
3/30/2025 19:40,47.40571976,277,475,250,253.5,228,65,88,0.5,1.5,1,219,365,62,62,1,232,117.5,54,55,1,354.5,245.5,61,57,1,58.5,222,55,58,0,0,0,0,0,3/30/2025 19:40
3/30/2025 19:40,46.25797272,278,475,250,257.5,228,69,84,4,1.5,1,219,364.5,62,61,1,232,117.5,54,55,1,354.5,245.5,61,57,1,58.5,222,55,58,0,0,0,0,0,3/30/2025 19:40
3/30/2025 19:40,47.00064659,279,475,250,258,228,66,82,4,-0.5,1,219,364.5,62,61,1,232.5,117.5,55,55,1,354.5,245.5,61,57,1,58.5,221,55,58,0,0,0,0,0,3/30/2025 19:40
3/30/2025 19:40,52.11925507,280,475,250,259,228.5,62,87,5.5,0.5,1,218.5,365,61,62,1,232.5,117.5,55,55,1,354.5,245.5,61,57,1,58.5,222,55,58,0,0,0,0,0,3/30/2025 19:40
3/30/2025 19:40,50.40216446,281,475,250,260,229,64,84,3,1,1,218.5,364.5,61,61,1,232.5,117.5,55,55,1,354.5,245.5,61,57,1,59,222,56,58,0,0,0,0,0,3/30/2025 19:40
3/30/2025 19:40,50.02808571,282,475,250,261.5,229.5,61,85,3.5,1.5,1,219,364.5,62,61,1,232,117.5,54,55,1,354.5,245.5,61,57,1,58.5,221.5,55,59,0,0,0,0,0,3/30/2025 19:40
3/30/2025 19:40,50.50683022,283,475,250,263,231.5,60,83,4,3,1,219,364.5,62,61,1,232,118,54,56,1,355,245.5,60,57,1,58.5,221.5,55,57,0,0,0,0,0,3/30/2025 19:40
3/30/2025 19:40,52.53148079,284,475,250,263.5,231.5,57,83,4,3,1,218.5,364.5,61,61,1,232,118,54,56,1,355,245.5,60,57,1,58.5,222,55,58,0,0,0,0,0,3/30/2025 19:40
3/30/2025 19:40,46.07892036,285,475,250,264.5,231.5,57,83,3,2,1,218.5,365,61,62,1,232.5,117,55,56,1,354,245.5,60,57,1,59,221.5,56,57,0,0,0,0,0,3/30/2025 19:40
3/30/2025 19:40,43.46442223,286,475,250,267,232.5,58,81,4,1,1,219,364.5,62,61,1,232.5,118,55,56,1,354.5,245.5,61,57,1,59,222,56,58,0,0,0,0,0,3/30/2025 19:40
3/30/2025 19:40,49.23152924,287,475,250,268.5,234,57,82,5.5,2.5,1,218.5,365,61,62,1,232.5,118,55,56,1,354.5,245.5,61,57,1,59,222,56,58,0,0,0,0,0,3/30/2025 19:40
3/30/2025 19:40,53.73215675,288,475,250,270.5,235,57,82,6,3,1,218.5,364.5,61,61,1,232,117.5,54,55,1,355,245.5,60,57,1,58.5,221,55,58,0,0,0,0,0,3/30/2025 19:40
3/30/2025 19:40,45.04323006,289,475,250,271,236,56,84,4.5,4,1,219,364.5,62,61,1,354,245.5,60,57,1,232.5,117.5,55,57,1,58.5,222,55,58,0,0,0,0,0,3/30/2025 19:40
3/30/2025 19:40,48.50101471,290,475,250,272.5,237.5,59,83,4,3.5,1,218.5,364.5,61,61,1,232.5,118,55,56,1,354,245.5,60,57,1,58.5,222,55,58,0,0,0,0,0,3/30/2025 19:40
3/30/2025 19:40,48.48146439,291,475,250,271.5,240,59,78,1,5,1,219,364.5,62,61,1,232,117.5,54,57,1,354.5,245.5,61,57,1,58.5,221.5,55,59,0,0,0,0,0,3/30/2025 19:40
3/30/2025 19:40,47.00469971,292,475,250,270,243,62,74,-1,6.5,1,219,364.5,62,61,1,232,118,54,56,1,355,245.5,60,57,1,58.5,222,55,58,0,0,0,0,0,3/30/2025 19:40
3/30/2025 19:40,48.00248146,293,475,250,268.5,246,61,72,-3.5,8,1,219,364.5,62,61,1,354,245.5,60,57,1,232.5,118,55,56,1,58.5,222,55,58,0,0,0,0,0,3/30/2025 19:40
3/30/2025 19:40,45.1169014,294,475,250,267.5,248,67,66,-4,7.5,1,219,364.5,62,61,1,354,245.5,60,57,1,232.5,118,55,56,1,58.5,222,55,58,0,0,0,0,0,3/30/2025 19:40
3/30/2025 19:40,45.00031471,295,475,250,267.5,250,65,64,-2.5,7,1,219,365,62,62,1,232,118,54,56,1,354.5,245.5,61,57,1,59,222,56,58,0,0,0,0,0,3/30/2025 19:40
3/30/2025 19:40,48.25758934,296,475,250,267,252.5,64,67,-1.5,6.5,1,218.5,365,61,62,1,232.5,118,55,56,1,354.5,245.5,61,57,1,59,222,56,58,0,0,0,0,0,3/30/2025 19:40
3/30/2025 19:40,48.25758934,297,475,250,267,252.5,64,67,-1.5,6.5,1,218.5,365,61,62,1,232.5,118,55,56,1,354.5,245.5,61,57,1,59,222,56,58,0,0,0,0,0,3/30/2025 19:40
3/30/2025 19:40,51.50866508,298,475,250,267.5,255,63,72,0,7,1,219,364.5,62,61,1,232.5,117.5,55,57,1,354.5,245.5,61,57,1,59,222,56,58,0,0,0,0,0,3/30/2025 19:40
3/30/2025 19:40,49.99995232,299,475,250,268.5,255.5,65,77,1,5.5,1,219,365,62,62,1,232.5,117.5,55,57,1,354.5,245.5,61,57,1,58.5,222,55,58,0,0,0,0,0,3/30/2025 19:40
3/30/2025 19:40,51.60498619,300,475,250,269,256,66,78,2.5,3,1,219,364.5,62,61,1,232.5,118,55,56,1,354.5,245.5,61,57,1,59,222,56,58,0,0,0,0,0,3/30/2025 19:40
3/30/2025 19:40,50.47082901,301,475,250,269,255.5,68,79,1.5,0.5,1,218.5,364.5,61,61,1,232.5,118,55,56,1,354.5,245.5,61,57,1,59,222,56,58,0,0,0,0,0,3/30/2025 19:40
3/30/2025 19:40,50.50730705,302,475,250,269,255.5,66,79,0.5,0,1,219,364.5,62,61,1,232.5,118,55,56,1,354.5,245.5,61,57,1,58.5,222,55,58,0,0,0,0,0,3/30/2025 19:40
3/30/2025 19:40,49.00074005,303,475,250,269.5,257.5,69,77,0.5,1.5,1,219,364.5,62,61,1,232.5,118,55,56,1,354.5,245.5,61,57,1,58.5,222,55,58,0,0,0,0,0,3/30/2025 19:40
3/30/2025 19:40,52.51383781,304,475,250,269,258.5,70,75,0,3,1,219,365,62,62,1,232.5,118,55,56,1,354.5,245.5,61,57,1,59,222,56,58,0,0,0,0,0,3/30/2025 19:40
3/30/2025 19:40,48.50769043,305,475,250,267.5,260.5,71,73,-1.5,5,1,219,364.5,62,61,1,232.5,118,55,56,1,354.5,245.5,61,57,1,59,222,56,58,0,0,0,0,0,3/30/2025 19:40
3/30/2025 19:40,45.07422447,306,475,250,267,261,72,74,-2.5,4,1,219,364.5,62,61,1,232,118,54,56,1,354.5,245.5,61,57,1,58.5,222,55,58,0,0,0,0,0,3/30/2025 19:40
3/30/2025 19:40,48.41518402,307,475,250,266,262.5,68,79,-2.5,4.5,1,219,364.5,62,61,1,232.5,118,55,56,1,354.5,245.5,59,57,1,58.5,222,55,58,0,0,0,0,0,3/30/2025 19:40
3/30/2025 19:40,47.00064659,308,475,250,264.5,264.5,69,75,-3,4,1,219,364.5,62,61,1,232.5,118,55,56,1,354.5,245.5,61,57,1,58.5,222,55,58,0,0,0,0,0,3/30/2025 19:40
3/30/2025 19:40,47.00088501,309,475,250,263,266.5,70,75,-4,5.5,1,219,364.5,62,61,1,232.5,117.5,55,57,1,354.5,245.5,61,57,1,59,222,56,58,0,0,0,0,0,3/30/2025 19:40
3/30/2025 19:40,50.51088333,310,475,250,261,270.5,62,79,-5,8.5,1,219,364.5,62,61,1,232,118,54,56,1,354.5,245.5,61,57,1,59,222,56,58,0,0,0,0,0,3/30/2025 19:40
3/30/2025 19:40,48.00128937,311,475,250,260,273.5,60,83,-4.5,8.5,1,219,364.5,62,61,1,232.5,118,55,56,1,354.5,245.5,61,57,1,58.5,222,55,58,0,0,0,0,0,3/30/2025 19:40
3/30/2025 19:40,48.51722717,312,475,250,258.5,274.5,63,83,-4.5,8,1,219,364.5,62,61,1,232.5,118,55,56,1,354.5,245,61,58,1,58.5,222,55,58,0,0,0,0,0,3/30/2025 19:40
3/30/2025 19:40,48.51722717,313,475,250,258.5,274.5,63,83,-4.5,8,1,219,364.5,62,61,1,232.5,118,55,56,1,354.5,245,61,58,1,58.5,222,55,58,0,0,0,0,0,3/30/2025 19:40
3/30/2025 19:40,48.00009727,314,475,250,258.5,276.5,63,81,-2.5,7,1,219,364.5,62,61,1,232,118,54,56,1,354.5,245.5,61,57,1,59,222,56,58,0,0,0,0,0,3/30/2025 19:40
3/30/2025 19:40,48.77305031,315,475,250,261.5,276,61,86,1,3.5,1,218.5,364.5,61,61,1,232.5,118,55,56,1,354.5,245,61,58,1,58.5,221.5,55,57,0,0,0,0,0,3/30/2025 19:40
3/30/2025 19:40,48.69103432,316,475,250,263.5,276,61,86,5,1.5,1,219,364.5,62,61,1,232,118,54,56,1,354.5,245,59,56,1,59,222,56,58,0,0,0,0,0,3/30/2025 19:40
3/30/2025 19:40,51.50699615,317,475,250,262,278.5,66,79,3.5,2.5,1,219,364.5,62,61,1,232,118,54,56,1,354.5,245.5,61,57,1,58.5,222,55,58,0,0,0,0,0,3/30/2025 19:40
3/30/2025 19:40,48.96950722,318,475,250,261,280,64,76,0.5,4,1,219,364.5,62,61,1,232,118,54,56,1,354.5,245.5,61,57,1,59,222,54,58,0,0,0,0,0,3/30/2025 19:40
3/30/2025 19:40,49.05533791,319,475,250,262.5,281,59,80,-0.5,5.5,1,218.5,364.5,61,61,1,232.5,118,55,56,1,354.5,245.5,61,57,1,58.5,222,55,58,0,0,0,0,0,3/30/2025 19:40
3/30/2025 19:40,48.95853996,320,475,250,265.5,283.5,65,77,3,5.5,1,218.5,364.5,61,61,1,232,118,54,56,1,354.5,245.5,61,57,1,59,222,54,58,0,0,0,0,0,3/30/2025 19:40
3/30/2025 19:40,53.46250534,321,475,250,265.5,284,59,84,4.5,4,1,218.5,364.5,61,61,1,232.5,118,55,56,1,59,222,54,58,1,355,245,60,56,0,0,0,0,0,3/30/2025 19:40
3/30/2025 19:40,52.0234108,322,475,250,267,285.5,64,83,5,4.5,1,218.5,364.5,61,61,1,232.5,118,55,56,1,58.5,221.5,55,59,1,354.5,245,59,56,0,0,0,0,0,3/30/2025 19:40
3/30/2025 19:40,50.99272728,323,475,250,268,285.5,60,81,2.5,1.5,1,219,364,62,62,1,232.5,118,55,56,1,354.5,245.5,61,57,1,59,222,56,58,0,0,0,0,0,3/30/2025 19:40
3/30/2025 19:40,49.50761795,324,475,250,269,286,60,80,3.5,1.5,1,218.5,364.5,61,61,1,232.5,118,55,56,1,354.5,245.5,61,57,1,58.5,222,55,58,0,0,0,0,0,3/30/2025 19:40
3/30/2025 19:41,47.50823975,325,475,250,270,286.5,58,79,3,1,1,218.5,364.5,61,61,1,232,118,54,56,1,354.5,245.5,61,57,1,58.5,221.5,55,59,0,0,0,0,0,3/30/2025 19:41
3/30/2025 19:41,50.00829697,326,475,250,272,287,58,84,4,1.5,1,219,364,62,62,1,232,118,54,56,1,354.5,245.5,61,57,1,58.5,222,55,58,0,0,0,0,0,3/30/2025 19:41
3/30/2025 19:41,55.12213707,327,475,250,273.5,289,57,84,4.5,3,1,218.5,364.5,61,63,1,232.5,118,55,56,1,354.5,245.5,61,57,0,0,0,0,0,0,0,0,0,0,3/30/2025 19:41
3/30/2025 19:41,55.99689484,328,475,250,273.5,288.5,55,87,4,2,1,232.5,118,55,56,1,218.5,364,61,62,1,354.5,245.5,61,57,0,0,0,0,0,0,0,0,0,0,3/30/2025 19:41
3/30/2025 19:41,49.0000248,329,475,250,274,290.5,58,85,2,4,1,232,118,54,56,1,218.5,363.5,61,63,1,354.5,245.5,61,57,0,0,0,0,0,0,0,0,0,0,3/30/2025 19:41
3/30/2025 19:41,49.0000248,330,475,250,274,290.5,58,85,2,4,1,232,118,54,56,1,218.5,363.5,61,63,1,354.5,245.5,61,57,0,0,0,0,0,0,0,0,0,0,3/30/2025 19:41
3/30/2025 19:41,51.00059509,331,475,250,274,293,52,92,0.5,4,1,232.5,118,55,56,1,218.5,364,61,62,1,354.5,245.5,61,57,0,0,0,0,0,0,0,0,0,0,3/30/2025 19:41
3/30/2025 19:41,57.00039864,332,475,250,275.5,295,57,86,2.5,6,1,218.5,364,61,62,1,232,118,54,56,1,354.5,245.5,61,57,0,0,0,0,0,0,0,0,0,0,3/30/2025 19:41
3/30/2025 19:41,48.50673676,333,475,250,276,296,54,84,2,6,1,232,118,54,56,1,218.5,363.5,61,63,1,354.5,245.5,61,57,0,0,0,0,0,0,0,0,0,0,3/30/2025 19:41
3/30/2025 19:41,51.00226402,334,475,250,277,295.5,58,77,3,2.5,1,218.5,363.5,61,63,1,232,118,54,56,1,354,245,60,58,0,0,0,0,0,0,0,0,0,0,3/30/2025 19:41
3/30/2025 19:41,47.3690033,335,475,250,279,296,58,76,4,1.5,1,218.5,363.5,61,63,1,232,118,54,56,1,354.5,245,59,58,0,0,0,0,0,0,0,0,0,0,3/30/2025 19:41
3/30/2025 19:41,48.25091362,336,475,250,281.5,297,55,76,6.5,1.5,1,218.5,364,61,62,1,232,118,54,56,1,354.5,245.5,61,57,1,483,397,56,62,0,0,0,0,0,3/30/2025 19:41
3/30/2025 19:41,46.00095749,337,475,250,281,299,56,74,4.5,3,1,219,364,62,62,1,232.5,118,55,56,1,354.5,245.5,61,57,1,482.5,397,55,62,0,0,0,0,0,3/30/2025 19:41
3/30/2025 19:41,46.48590088,338,475,250,280.5,300,53,74,1.5,4,1,218.5,364.5,61,61,1,232,118,54,56,1,354,245,60,58,1,482.5,397,55,62,0,0,0,0,0,3/30/2025 19:41
3/30/2025 19:41,46.36979103,339,475,250,281,300.5,52,75,-0.5,3.5,1,218.5,364,61,62,1,232,118,54,56,1,354,245.5,60,57,1,482.5,397,55,62,0,0,0,0,0,3/30/2025 19:41
3/30/2025 19:41,45.72892189,340,475,250,281.5,302.5,53,75,1,3,1,218.5,364.5,61,61,1,232,118,54,56,1,354,245,60,56,1,482.5,397,55,62,0,0,0,0,0,3/30/2025 19:41
3/30/2025 19:41,43.63393784,341,475,250,282.5,303,53,72,1.5,3.5,1,219,364.5,60,61,1,232,118,54,56,1,354,245.5,60,57,1,483,397,56,62,0,0,0,0,0,3/30/2025 19:41
3/30/2025 19:41,49.50928688,342,475,250,283.5,303,55,68,2.5,2.5,1,219,364.5,60,61,1,354.5,245,59,56,1,232,117.5,54,55,1,483,396.5,56,61,0,0,0,0,0,3/30/2025 19:41
3/30/2025 19:41,53.09271812,343,475,250,284.5,304.5,57,65,3,2,1,219,364,60,62,1,232,118,54,56,1,354,245,60,56,1,482.5,397,55,62,0,0,0,0,0,3/30/2025 19:41
3/30/2025 19:41,52.51169205,344,475,250,285.5,305.5,55,67,3,2.5,1,219,364.5,62,61,1,354.5,245,59,56,1,232,118,54,56,1,482.5,397,55,62,0,0,0,0,0,3/30/2025 19:41
3/30/2025 19:41,49.21674728,345,475,250,286.5,304.5,57,67,4,1.5,1,219,364.5,62,61,1,232,118,54,56,1,354,245.5,60,57,1,482.5,397,55,62,0,0,0,0,0,3/30/2025 19:41
3/30/2025 19:41,49.55744743,346,475,250,287.5,305,55,64,3.5,0.5,1,218.5,364.5,61,61,1,232,117.5,54,55,1,354,245,60,56,1,482.5,397,55,62,0,0,0,0,0,3/30/2025 19:41
3/30/2025 19:41,51.227808,347,475,250,288,306,54,66,3,0.5,1,218.5,364.5,61,61,1,354.5,245,59,56,1,232,118,54,56,1,482.5,397,55,62,0,0,0,0,0,3/30/2025 19:41
3/30/2025 19:41,53.75003815,348,475,250,289,308,58,64,3,3,1,218.5,364.5,61,61,1,354,245,60,56,1,232.5,118,55,56,1,482.5,397,55,62,0,0,0,0,0,3/30/2025 19:41
3/30/2025 19:41,51.1071682,349,475,250,289.5,309,61,60,2.5,3.5,1,219,364.5,60,61,1,354.5,245,59,56,1,232,118,54,56,1,482.5,397,55,62,0,0,0,0,0,3/30/2025 19:41
3/30/2025 19:41,52.42991447,350,475,250,290,309,64,54,2,3,1,219,364.5,62,61,1,232,118,54,56,1,354.5,245,59,56,1,482.5,396.5,55,61,0,0,0,0,0,3/30/2025 19:41
3/30/2025 19:41,52.42991447,351,475,250,290,309,64,54,2,3,1,219,364.5,62,61,1,232,118,54,56,1,354.5,245,59,56,1,482.5,396.5,55,61,0,0,0,0,0,3/30/2025 19:41
3/30/2025 19:41,47.00398445,352,475,250,290.5,310,57,60,2,2.5,1,219,364.5,62,61,1,232,118,54,56,1,354.5,245,59,56,1,482.5,397,55,62,0,0,0,0,0,3/30/2025 19:41
3/30/2025 19:41,46.40936852,353,475,250,291,311.5,62,57,1.5,3,1,218.5,364.5,61,61,1,232,118,54,56,1,354.5,245,59,56,1,482.5,397,55,62,0,0,0,0,0,3/30/2025 19:41
3/30/2025 19:41,47.00040817,354,475,250,291.5,313.5,59,59,1.5,4.5,1,219,364.5,62,61,1,232,118,54,56,1,354.5,245,59,56,1,482.5,397,55,62,0,0,0,0,0,3/30/2025 19:41
3/30/2025 19:41,50.20999908,355,475,250,292,315,66,56,2,5,1,218.5,364.5,61,61,1,232,118,54,56,1,354.5,245,59,56,1,482.5,397,55,62,0,0,0,0,0,3/30/2025 19:41
3/30/2025 19:41,50.52185059,356,475,250,293.5,316,63,56,2.5,5,1,218.5,364.5,61,61,1,232,118,54,56,1,354.5,245,59,56,1,482.5,397,55,62,0,0,0,0,0,3/30/2025 19:41
3/30/2025 19:41,48.04778099,357,475,250,294.5,316.5,69,55,2.5,3.5,1,219,364.5,62,61,1,232,118,54,56,1,354.5,245.5,59,57,1,482.5,397,55,62,0,0,0,0,0,3/30/2025 19:41
3/30/2025 19:41,49.43132401,358,475,250,296,316,64,58,4,1,1,219.5,364.5,61,61,1,232,118,54,56,1,355,245.5,60,57,1,482.5,397,55,62,0,0,0,0,0,3/30/2025 19:41
3/30/2025 19:41,40.5216217,359,475,250,297.5,316.5,63,61,4,0.5,1,218.5,364.5,61,61,1,232,118,54,56,1,355,245.5,60,57,1,482.5,397,55,62,0,0,0,0,0,3/30/2025 19:41
3/30/2025 19:41,44.78001595,360,475,250,298,316,62,64,3.5,-0.5,1,219,364.5,62,61,1,354.5,245,59,56,1,232,118,54,56,1,482.5,396.5,55,61,0,0,0,0,0,3/30/2025 19:41
3/30/2025 19:41,45.59731483,361,475,250,298,318,68,60,2,2,1,218.5,364.5,61,61,1,232,118,54,56,1,354.5,245.5,59,57,1,482.5,397,55,62,0,0,0,0,0,3/30/2025 19:41
3/30/2025 19:41,49.30067062,362,475,250,297.5,319,65,62,0,2.5,1,218.5,364.5,61,61,1,232,118,54,56,1,355,245,60,56,1,482.5,397,55,62,0,0,0,0,0,3/30/2025 19:41
3/30/2025 19:41,53.31730843,363,475,250,298.5,319.5,69,61,0.5,3,1,218.5,364.5,61,61,1,232,117.5,54,55,1,354,245.5,60,57,1,482.5,397,55,62,0,0,0,0,0,3/30/2025 19:41
3/30/2025 19:41,49.96585846,364,475,250,300,321,68,60,2.5,3,1,219,364.5,62,61,1,232,118,54,56,1,354.5,245,59,56,1,482.5,397,55,62,0,0,0,0,0,3/30/2025 19:41
3/30/2025 19:41,55.06849289,365,475,250,301.5,322.5,71,57,4,3.5,1,218.5,364.5,61,61,1,232.5,118,55,56,1,354.5,245.5,61,57,1,482.5,397,55,62,0,0,0,0,0,3/30/2025 19:41
3/30/2025 19:41,53.66182327,366,475,250,302.5,323.5,67,63,4,3.5,1,219,364.5,62,61,1,232.5,118,55,56,1,355,245,60,56,1,483,397,56,62,0,0,0,0,0,3/30/2025 19:41
3/30/2025 19:41,49.25441742,367,475,250,303,325,70,62,3,3.5,1,218.5,364.5,61,61,1,232.5,118,55,56,1,354.5,245,59,56,1,483,396.5,56,61,0,0,0,0,0,3/30/2025 19:41
3/30/2025 19:41,49.70383644,368,475,250,303.5,327.5,73,63,2.5,4.5,1,218.5,365,61,62,1,232.5,117.5,55,57,1,355,245,60,56,1,483,396.5,56,63,0,0,0,0,0,3/30/2025 19:41
3/30/2025 19:41,51.0020256,369,475,250,303.5,329,77,60,1,6,1,218.5,364.5,61,61,1,232.5,117.5,55,57,1,355,245,60,56,1,483,397,56,62,0,0,0,0,0,3/30/2025 19:41
3/30/2025 19:41,51.0020256,370,475,250,303.5,329,77,60,1,6,1,218.5,364.5,61,61,1,232.5,117.5,55,57,1,355,245,60,56,1,483,397,56,62,0,0,0,0,0,3/30/2025 19:41
3/30/2025 19:41,49.00050163,371,475,250,304,329,72,64,1.5,3.5,1,218.5,364.5,61,61,1,232.5,118,55,56,1,354.5,245,59,56,1,483,397,56,62,0,0,0,0,0,3/30/2025 19:41
3/30/2025 19:41,50.04405975,372,475,250,305.5,330.5,73,63,1.5,3,1,218.5,364.5,61,61,1,232.5,118,55,56,1,355,245,60,56,1,483,397,56,62,0,0,0,0,0,3/30/2025 19:41
3/30/2025 19:41,46.35691643,373,475,250,307.5,331,75,62,4,2.5,1,218.5,364.5,61,61,1,355,245.5,60,57,1,483,396.5,56,63,0,0,0,0,0,0,0,0,0,0,3/30/2025 19:41
3/30/2025 19:41,50.0767231,374,475,250,309,331,74,66,5,2,1,219,364,62,62,1,355,245,60,56,1,483,397,56,62,0,0,0,0,0,0,0,0,0,0,3/30/2025 19:41
3/30/2025 19:41,49.73983765,375,475,250,310.5,331.5,73,69,5,1,1,219,364.5,62,63,1,355,245,60,56,1,483,396.5,56,63,0,0,0,0,0,0,0,0,0,0,3/30/2025 19:41
3/30/2025 19:41,45.9151268,376,475,250,311,331.5,72,73,3.5,0.5,1,219,364.5,62,61,1,355,245,60,56,1,483,397,56,62,0,0,0,0,0,0,0,0,0,0,3/30/2025 19:41
3/30/2025 19:41,50.00829697,377,475,250,312,332.5,76,67,3,1.5,1,219,364.5,62,61,1,355,245,60,56,1,483,397,56,62,0,0,0,0,0,0,0,0,0,0,3/30/2025 19:41
3/30/2025 19:41,53.01856995,378,475,250,314,333.5,74,69,3.5,2.5,1,219,364.5,62,61,1,355,245,60,56,1,483,397,56,62,0,0,0,0,0,0,0,0,0,0,3/30/2025 19:41
3/30/2025 19:41,49.28016663,379,475,250,315,334,74,68,3.5,2,1,218.5,364.5,61,61,1,355,245,60,56,1,483,397,56,62,0,0,0,0,0,0,0,0,0,0,3/30/2025 19:41
3/30/2025 19:41,51.32818222,380,475,250,315.5,334.5,75,69,3.5,2,1,218.5,364,61,62,1,354.5,245.5,61,57,1,483,397,56,62,0,0,0,0,0,0,0,0,0,0,3/30/2025 19:41
3/30/2025 19:41,54.00156975,381,475,250,316,336.5,74,69,2.5,3.5,1,218.5,364.5,61,61,1,355,245,60,56,1,483,397,56,62,0,0,0,0,0,0,0,0,0,0,3/30/2025 19:41
3/30/2025 19:41,51.5089035,382,475,250,317,337.5,76,67,2,4,1,218.5,364.5,61,61,1,355,245,60,56,1,483,396.5,56,61,0,0,0,0,0,0,0,0,0,0,3/30/2025 19:41
3/30/2025 19:41,48.50769043,383,475,250,317.5,339,75,70,3,4.5,1,219,364.5,62,61,1,354.5,245.5,61,57,1,483,397,56,62,0,0,0,0,0,0,0,0,0,0,3/30/2025 19:41
3/30/2025 19:41,52.5188446,384,475,250,317,342,76,70,1,5.5,1,219,364.5,62,61,1,354.5,245.5,61,57,1,483,397,56,62,0,0,0,0,0,0,0,0,0,0,3/30/2025 19:41
3/30/2025 19:42,50.00114441,385,475,250,317.5,345.5,71,77,0.5,8,1,218.5,364.5,61,61,1,355,245,60,56,1,483,396.5,56,61,0,0,0,0,0,0,0,0,0,0,3/30/2025 19:42
3/30/2025 19:42,48.08449745,386,475,250,317,347.5,70,81,-0.5,8,1,219,364.5,62,61,1,354.5,245,59,56,1,483,397,56,62,0,0,0,0,0,0,0,0,0,0,3/30/2025 19:42
3/30/2025 19:42,45.50766945,387,475,250,317.5,348.5,71,79,0.5,6,1,219,364.5,62,61,1,354.5,245,61,58,1,483,397,56,62,0,0,0,0,0,0,0,0,0,0,3/30/2025 19:42
3/30/2025 19:42,47.5063324,388,475,250,317,350,70,78,-0.5,4.5,1,218.5,364.5,61,61,1,354.5,245,61,58,1,483,397,56,62,0,0,0,0,0,0,0,0,0,0,3/30/2025 19:42
3/30/2025 19:42,49.24225807,389,475,250,318.5,349.5,67,81,1.5,2,1,219,364.5,62,61,1,354.5,245,59,56,1,483,397,56,62,0,0,0,0,0,0,0,0,0,0,3/30/2025 19:42
3/30/2025 19:42,47.08313942,390,475,250,320.5,348.5,63,83,3,0,1,219,364.5,62,61,1,354.5,245,61,58,1,483,397,56,62,0,0,0,0,0,0,0,0,0,0,3/30/2025 19:42
3/30/2025 19:42,48.00033569,391,475,250,321.5,348,67,80,4,-2.5,1,219,364.5,62,61,1,354.5,245,61,58,1,483,397,56,62,0,0,0,0,0,0,0,0,0,0,3/30/2025 19:42
3/30/2025 19:42,48.00033569,392,475,250,321.5,348,67,80,4,-2.5,1,219,364.5,62,61,1,354.5,245,61,58,1,483,397,56,62,0,0,0,0,0,0,0,0,0,0,3/30/2025 19:42
3/30/2025 19:42,47.00040817,393,475,250,323,349,66,82,4,-0.5,1,218.5,364.5,61,61,1,355,245,60,58,1,483,397,56,62,0,0,0,0,0,0,0,0,0,0,3/30/2025 19:42
3/30/2025 19:42,45.5121994,394,475,250,324.5,350,67,80,3.5,1.5,1,219,364.5,62,61,1,354.5,245,61,58,1,483,397,56,62,0,0,0,0,0,0,0,0,0,0,3/30/2025 19:42
3/30/2025 19:42,44.04187202,395,475,250,325,350,70,76,3.5,1.5,1,219,364.5,62,61,1,354.5,245,59,56,1,483,397,56,62,0,0,0,0,0,0,0,0,0,0,3/30/2025 19:42
3/30/2025 19:42,54.03351784,396,475,250,326,350,64,80,3,1,1,218.5,364.5,61,61,1,354.5,245,59,56,1,483,397,56,62,0,0,0,0,0,0,0,0,0,0,3/30/2025 19:42
3/30/2025 19:42,49.00169373,397,475,250,327.5,350,63,80,3,0,1,219,364.5,62,61,1,354.5,245,61,58,1,483,396,56,62,0,0,0,0,0,0,0,0,0,0,3/30/2025 19:42
3/30/2025 19:42,47.24049568,398,475,250,328.5,350.5,63,81,3.5,0.5,1,218.5,364.5,61,61,1,354,245,60,58,1,483,397,56,62,0,0,0,0,0,0,0,0,0,0,3/30/2025 19:42
3/30/2025 19:42,52.31308937,399,475,250,329.5,353,63,80,3.5,3,1,219,364,62,62,1,354.5,245,59,56,1,483,397,56,62,0,0,0,0,0,0,0,0,0,0,3/30/2025 19:42
3/30/2025 19:42,53.32994461,400,475,250,330,354,60,84,2.5,4,1,219,364,62,62,1,354.5,245,59,56,1,483,397,56,62,0,0,0,0,0,0,0,0,0,0,3/30/2025 19:42
3/30/2025 19:42,51.00154877,401,475,250,332,354.5,60,87,3,3.5,1,219,364,62,62,1,354.5,245.5,61,57,1,483,397,56,62,0,0,0,0,0,0,0,0,0,0,3/30/2025 19:42
3/30/2025 19:42,50.00114441,402,475,250,333,355,60,86,3,3,1,219,364.5,62,61,1,355,245,60,56,1,483,396.5,56,63,0,0,0,0,0,0,0,0,0,0,3/30/2025 19:42
3/30/2025 19:42,51.00131035,403,475,250,333,356,60,86,3.5,2,1,218.5,364,61,62,1,354.5,245.5,61,57,1,483,397,56,62,0,0,0,0,0,0,0,0,0,0,3/30/2025 19:42
3/30/2025 19:42,51.00297928,404,475,250,334.5,357.5,61,81,3,3,1,218.5,364,61,62,1,354.5,245,59,56,1,483,397,56,62,0,0,0,0,0,0,0,0,0,0,3/30/2025 19:42
3/30/2025 19:42,57.85942078,405,475,250,335,359.5,62,79,2.5,4.5,1,219,364,62,62,1,354.5,245,61,58,1,483,396.5,56,61,0,0,0,0,0,0,0,0,0,0,3/30/2025 19:42
3/30/2025 19:42,45.62330246,406,475,250,335.5,361.5,59,79,2,5,1,218.5,364.5,61,61,1,355,245,60,56,1,483,396.5,56,61,0,0,0,0,0,0,0,0,0,0,3/30/2025 19:42
3/30/2025 19:42,48.9795208,407,475,250,336.5,363,59,82,2,5.5,1,218.5,364.5,61,61,1,354.5,245.5,61,57,1,483,397,56,62,0,0,0,0,0,0,0,0,0,0,3/30/2025 19:42
3/30/2025 19:42,51.29766464,408,475,250,336.5,365.5,57,83,1.5,6,1,218.5,364,61,62,1,354.5,245,59,56,1,483,397,56,62,0,0,0,0,0,0,0,0,0,0,3/30/2025 19:42
3/30/2025 19:42,54.53014374,409,475,250,338,366.5,60,79,2.5,5,1,218.5,364,61,62,1,354.5,245,59,56,1,483,397,56,62,0,0,0,0,0,0,0,0,0,0,3/30/2025 19:42
3/30/2025 19:42,51.34320259,410,475,250,338.5,367.5,61,75,2,5,1,218.5,364,61,62,1,354.5,245,61,58,1,483,397,56,62,0,0,0,0,0,0,0,0,0,0,3/30/2025 19:42
3/30/2025 19:42,51.34320259,411,475,250,338.5,367.5,61,75,2,5,1,218.5,364,61,62,1,354.5,245,61,58,1,483,397,56,62,0,0,0,0,0,0,0,0,0,0,3/30/2025 19:42
3/30/2025 19:42,46.50878906,412,475,250,338.5,368,57,74,2.5,3,1,218.5,364,61,62,1,354.5,245,59,56,1,483,397,56,62,0,0,0,0,0,0,0,0,0,0,3/30/2025 19:42
3/30/2025 19:42,50.07576942,413,475,250,341,367,56,74,3,0.5,1,218.5,364,61,62,1,354.5,245.5,61,57,1,483,397,56,62,0,0,0,0,0,0,0,0,0,0,3/30/2025 19:42
3/30/2025 19:42,51.54180527,414,475,250,341.5,367,55,74,3,-0.5,1,218.5,364,61,62,1,354.5,245,61,58,1,483,397,56,62,0,0,0,0,0,0,0,0,0,0,3/30/2025 19:42
3/30/2025 19:42,52.61063576,415,475,250,342.5,366,55,74,3.5,-2.5,1,218.5,364,61,62,1,354.5,245,59,56,1,482.5,397,55,62,0,0,0,0,0,0,0,0,0,0,3/30/2025 19:42
3/30/2025 19:42,50.50706863,416,475,250,342,366,56,72,1,-1,1,218.5,364.5,61,61,1,354.5,245.5,61,57,1,483,397,56,62,0,0,0,0,0,0,0,0,0,0,3/30/2025 19:42
3/30/2025 19:42,52.50787735,417,475,250,343.5,366,61,62,2,-1.5,1,218.5,364.5,61,61,1,354.5,245,59,56,1,482.5,397,55,62,0,0,0,0,0,0,0,0,0,0,3/30/2025 19:42
3/30/2025 19:42,48.00105095,418,475,250,343,365.5,62,59,0.5,-1,1,218.5,364,61,62,1,354.5,245,59,56,1,483,397,56,62,0,0,0,0,0,0,0,0,0,0,3/30/2025 19:42
3/30/2025 19:42,52.99711227,419,475,250,343,365,64,56,0,-1,1,218.5,364.5,61,63,1,354.5,245,59,56,1,483,397,56,62,0,0,0,0,0,0,0,0,0,0,3/30/2025 19:42
3/30/2025 19:42,50.64606667,420,475,250,343,365,60,62,-1,-1.5,1,218.5,364.5,61,63,1,355,245.5,60,57,1,483,397,56,62,0,0,0,0,0,0,0,0,0,0,3/30/2025 19:42
3/30/2025 19:42,52.00147629,421,475,250,343.5,364,61,64,0.5,-1.5,1,218.5,364,61,62,1,354.5,245,59,56,1,482.5,397,55,62,0,0,0,0,0,0,0,0,0,0,3/30/2025 19:42
3/30/2025 19:42,55.11593819,422,475,250,344.5,362.5,61,63,1.5,-2.5,1,218.5,364,61,62,1,354.5,245,59,56,1,483,397,56,62,0,0,0,0,0,0,0,0,0,0,3/30/2025 19:42
3/30/2025 19:42,48.28333855,423,475,250,345.5,362.5,65,61,2.5,-2.5,1,219,364,62,62,1,354.5,245,61,58,1,483,396.5,56,63,0,0,0,0,0,0,0,0,0,0,3/30/2025 19:42
3/30/2025 19:42,49.04532433,424,475,250,347,361,66,64,3,-3,1,219,364,62,62,1,355,245.5,60,57,1,483,397,56,62,0,0,0,0,0,0,0,0,0,0,3/30/2025 19:42
3/30/2025 19:42,44.50726509,425,475,250,347.5,361,63,68,3.5,-1,1,219,364,62,62,1,354.5,245,59,56,1,483,397,56,62,0,0,0,0,0,0,0,0,0,0,3/30/2025 19:42
3/30/2025 19:42,51.09715462,426,475,250,348,361.5,60,71,2.5,-1,1,219,364,62,62,1,354.5,245,59,56,1,483,397,56,62,0,0,0,0,0,0,0,0,0,0,3/30/2025 19:42
3/30/2025 19:42,32.53078461,427,475,250,349,361,62,70,2,0,1,219,364,62,62,1,355,245,60,56,1,483,396.5,56,63,0,0,0,0,0,0,0,0,0,0,3/30/2025 19:42
3/30/2025 19:42,33.50639343,428,475,250,350,361.5,64,71,1.5,0.5,1,218.5,364,61,62,1,354.5,245,59,56,1,483,397,56,62,0,0,0,0,0,0,0,0,0,0,3/30/2025 19:42
3/30/2025 19:42,42.00053215,429,475,250,352,360.5,64,67,4,-1,1,219,364,62,62,1,355,245,60,56,1,483,397,56,62,0,0,0,0,0,0,0,0,0,0,3/30/2025 19:42
3/30/2025 19:42,42.92750359,430,475,250,353,361,66,62,3,-0.5,1,218.5,364,61,62,1,354.5,245,61,58,1,483,397,56,62,0,0,0,0,0,0,0,0,0,0,3/30/2025 19:42
3/30/2025 19:42,46.4618206,431,475,250,353.5,362.5,65,65,3.5,1,1,219,364,62,62,1,354.5,245,59,56,1,483,397,56,62,0,0,0,0,0,0,0,0,0,0,3/30/2025 19:42
3/30/2025 19:42,48.00152779,432,475,250,354,364.5,66,65,2,3.5,1,219,364,62,62,1,354.5,245,59,56,1,483,397,56,62,0,0,0,0,0,0,0,0,0,0,3/30/2025 19:42
3/30/2025 19:42,44.58451271,433,475,250,354.5,365.5,63,67,1,4,1,219,364.5,62,63,1,354.5,245,59,56,1,483,397,56,62,0,0,0,0,0,0,0,0,0,0,3/30/2025 19:42
3/30/2025 19:42,44.58451271,434,475,250,354.5,365.5,63,67,1,4,1,219,364.5,62,63,1,354.5,245,59,56,1,483,397,56,62,0,0,0,0,0,0,0,0,0,0,3/30/2025 19:42
3/30/2025 19:42,48.50721359,435,475,250,355.5,365,63,68,2,2.5,1,218.5,364.5,61,63,1,354.5,245,61,58,1,483,397,56,62,0,0,0,0,0,0,0,0,0,0,3/30/2025 19:42
3/30/2025 19:42,52.14905739,436,475,250,356,364,60,70,2,-0.5,1,218.5,364,61,62,1,354.5,245,61,58,1,483,397,56,62,0,0,0,0,0,0,0,0,0,0,3/30/2025 19:42
3/30/2025 19:42,50.50969124,437,475,250,357,364,62,72,2.5,-1,1,219,364.5,62,63,1,354.5,245,59,56,1,483,397,56,62,0,0,0,0,0,0,0,0,0,0,3/30/2025 19:42
3/30/2025 19:42,55.52482605,438,475,250,357.5,364.5,65,71,2.5,-1,1,218.5,364.5,61,63,1,354.5,245,59,56,1,483,397,56,62,0,0,0,0,0,0,0,0,0,0,3/30/2025 19:42
3/30/2025 19:42,54.97956276,439,475,250,358.5,362.5,67,71,3,-2,1,219,364.5,62,63,1,354.5,245,59,56,1,483,397,56,62,0,0,0,0,0,0,0,0,0,0,3/30/2025 19:42
3/30/2025 19:42,56.23650551,440,475,250,359.5,363,65,72,3,-1,1,218.5,364,61,62,1,354.5,245,59,56,1,483,397,56,62,0,0,0,0,0,0,0,0,0,0,3/30/2025 19:42
3/30/2025 19:42,54.62169647,441,475,250,361.5,363,65,68,4,-1,1,218.5,364.5,61,63,1,354.5,245,59,56,1,483,397,56,62,0,0,0,0,0,0,0,0,0,0,3/30/2025 19:42
3/30/2025 19:42,52.00028419,442,475,250,363.5,362.5,61,73,5,-1,1,219,364.5,62,63,1,355,245.5,60,57,1,483,397,56,62,0,0,0,0,0,0,0,0,0,0,3/30/2025 19:42
3/30/2025 19:42,52.01816559,443,475,250,365.5,363,63,74,6,0,1,218.5,364.5,61,63,1,354.5,245.5,61,57,1,483,397,56,62,0,0,0,0,0,0,0,0,0,0,3/30/2025 19:42
3/30/2025 19:42,58.02249908,444,475,250,367.5,364.5,65,73,7,1.5,1,219,364.5,62,63,1,354.5,246,59,56,1,483.5,397,55,62,0,0,0,0,0,0,0,0,0,0,3/30/2025 19:42
3/30/2025 19:43,54.00061607,445,475,250,368,362.5,66,71,5,0,1,219,364.5,62,63,1,355,245,60,56,1,483,397,56,62,0,0,0,0,0,0,0,0,0,0,3/30/2025 19:43
3/30/2025 19:43,56.99920654,446,475,250,369,363,62,76,4.5,0.5,1,218.5,364.5,61,63,1,354.5,245,59,56,1,484,397,56,62,0,0,0,0,0,0,0,0,0,0,3/30/2025 19:43
3/30/2025 19:43,53.0102253,447,475,250,370,362.5,60,79,3,-1,1,218.5,364,61,62,1,354.5,245,59,56,1,484,397,56,62,0,0,0,0,0,0,0,0,0,0,3/30/2025 19:43
3/30/2025 19:43,61.00106239,448,475,250,370,363,64,80,2.5,0,1,219,364.5,62,63,1,354.5,245.5,59,57,1,483,397,56,62,0,0,0,0,0,0,0,0,0,0,3/30/2025 19:43
3/30/2025 19:43,52.00028419,449,475,250,371.5,362,63,80,2.5,-1,1,219,364.5,62,63,1,354.5,245,59,56,1,483,397,56,62,0,0,0,0,0,0,0,0,0,0,3/30/2025 19:43
3/30/2025 19:43,54.25190926,450,475,250,372.5,362,65,76,2.5,-0.5,1,219,364,62,62,1,354.5,245,59,56,1,483,396.5,56,61,0,0,0,0,0,0,0,0,0,0,3/30/2025 19:43
3/30/2025 19:43,51.80859566,451,475,250,373.5,361,63,76,3,-1.5,1,219,364,62,62,1,354.5,245,59,56,1,483,397,56,62,0,0,0,0,0,0,0,0,0,0,3/30/2025 19:43
3/30/2025 19:43,51.80859566,452,475,250,373.5,361,63,76,3,-1.5,1,219,364,62,62,1,354.5,245,59,56,1,483,397,56,62,0,0,0,0,0,0,0,0,0,0,3/30/2025 19:43
3/30/2025 19:43,52.16312408,453,475,250,374,359.5,66,71,3,-2.5,1,219,364,62,62,1,354.5,245.5,61,57,1,483,397,56,62,0,0,0,0,0,0,0,0,0,0,3/30/2025 19:43
3/30/2025 19:43,48.3725071,454,475,250,374,359,64,72,1.5,-3,1,219,364.5,62,63,1,354.5,245,59,56,1,483,397,56,62,0,0,0,0,0,0,0,0,0,0,3/30/2025 19:43
3/30/2025 19:43,48.01464081,455,475,250,374.5,359.5,61,73,1.5,-1.5,1,219,364.5,62,63,1,354.5,245,61,56,1,483,397,56,62,0,0,0,0,0,0,0,0,0,0,3/30/2025 19:43
3/30/2025 19:43,53.48730087,456,475,250,374.5,357.5,55,81,0.5,-2,1,219,364.5,62,63,1,354.5,245,61,58,1,483,397,56,62,0,0,0,0,0,0,0,0,0,0,3/30/2025 19:43
3/30/2025 19:43,51.56850815,457,475,250,375.5,356,57,76,1.5,-3,1,219,364.5,62,63,1,354.5,245.5,61,57,1,483.5,397,55,62,0,0,0,0,0,0,0,0,0,0,3/30/2025 19:43
3/30/2025 19:43,56.00190163,458,475,250,376.5,356.5,59,75,2,-2.5,1,219,364,62,62,1,354.5,245,59,56,1,483,397,56,62,0,0,0,0,0,0,0,0,0,0,3/30/2025 19:43
3/30/2025 19:43,53.32875252,459,475,250,377,357,60,70,2,-1.5,1,219,364,62,62,1,354.5,245,59,56,1,483.5,396.5,55,61,0,0,0,0,0,0,0,0,0,0,3/30/2025 19:43
3/30/2025 19:43,51.3188839,460,475,250,377,357.5,64,67,3,0,1,219,364.5,62,63,1,354.5,245.5,61,57,1,483.5,397,55,62,0,0,0,0,0,0,0,0,0,0,3/30/2025 19:43
3/30/2025 19:43,55.22370338,461,475,250,378,357.5,64,65,2,1,1,219,364,62,62,1,354.5,245,59,56,1,483.5,396.5,55,61,0,0,0,0,0,0,0,0,0,0,3/30/2025 19:43
3/30/2025 19:43,51.01323128,462,475,250,378,356.5,58,71,1,0,1,219,364,62,62,1,354,245,60,58,1,483,397,56,62,0,0,0,0,0,0,0,0,0,0,3/30/2025 19:43
3/30/2025 19:43,58.28404427,463,475,250,378.5,355,61,70,1.5,-3,1,219,364.5,62,63,1,354.5,245.5,61,57,1,483,397,56,62,0,0,0,0,0,0,0,0,0,0,3/30/2025 19:43
3/30/2025 19:43,55.00102043,464,475,250,379,354.5,54,75,1,-3,1,219,364.5,62,63,1,354.5,245,59,56,1,483,397,56,62,0,0,0,0,0,0,0,0,0,0,3/30/2025 19:43
3/30/2025 19:43,50.02117157,465,475,250,380.5,354.5,57,73,2.5,-2.5,1,219,364.5,62,63,1,354.5,245.5,61,57,1,483,397,56,62,0,0,0,0,0,0,0,0,0,0,3/30/2025 19:43
3/30/2025 19:43,50.23026466,466,475,250,381.5,354,59,68,4,-2,1,219,364.5,62,63,1,354.5,245.5,61,57,1,483,396.5,56,61,0,0,0,0,0,0,0,0,0,0,3/30/2025 19:43
3/30/2025 19:43,51.00011826,467,475,250,383,351.5,56,71,3.5,-3,1,218.5,364.5,61,63,1,354.5,245.5,61,57,1,483,397,56,62,0,0,0,0,0,0,0,0,0,0,3/30/2025 19:43
3/30/2025 19:43,53.60102654,468,475,250,383.5,351.5,63,67,4,-3,1,218.5,364.5,61,63,1,354.5,245,61,58,1,483,397,56,62,0,0,0,0,0,0,0,0,0,0,3/30/2025 19:43
3/30/2025 19:43,59.9322319,469,475,250,387,351,66,62,6,-3,1,218.5,364,61,62,1,354.5,245.5,59,57,1,483.5,396.5,55,61,0,0,0,0,0,0,0,0,0,0,3/30/2025 19:43
3/30/2025 19:43,59.9322319,470,475,250,387,351,66,62,6,-3,1,218.5,364,61,62,1,354.5,245.5,59,57,1,483.5,396.5,55,61,0,0,0,0,0,0,0,0,0,0,3/30/2025 19:43
3/30/2025 19:43,54.00061607,471,475,250,387.5,350,67,60,5,-2.5,1,218.5,364.5,61,63,1,354.5,245.5,61,57,1,483,397,54,62,0,0,0,0,0,0,0,0,0,0,3/30/2025 19:43
3/30/2025 19:43,52.97446251,472,475,250,387,349.5,68,57,3.5,-1.5,1,218.5,364.5,61,63,1,354.5,245.5,61,57,1,483,397,56,62,0,0,0,0,0,0,0,0,0,0,3/30/2025 19:43
3/30/2025 19:43,58.84838104,473,475,250,385.5,350,69,56,-1.5,-1,1,219,364,62,62,1,354.5,245.5,61,57,1,483.5,397,55,62,0,0,0,0,0,0,0,0,0,0,3/30/2025 19:43
3/30/2025 19:43,50.02069473,474,475,250,385,348.5,66,55,-3,-1.5,1,219,364.5,62,63,1,354.5,245.5,61,57,1,483,397,56,62,0,0,0,0,0,0,0,0,0,0,3/30/2025 19:43
3/30/2025 19:43,51.86247826,475,475,250,385,346.5,64,61,-2,-3,1,219,364,62,62,1,354.5,245.5,61,57,1,482.5,396.5,55,61,0,0,0,0,0,0,0,0,0,0,3/30/2025 19:43
3/30/2025 19:43,52.28376389,476,475,250,387,347.5,70,61,1.5,-2,1,219,364,62,62,1,354.5,245.5,59,57,1,483,397,56,62,0,0,0,0,0,0,0,0,0,0,3/30/2025 19:43
3/30/2025 19:43,53.78079414,477,475,250,387,348.5,66,63,2,0.5,1,219,364,62,62,1,354.5,245,61,58,1,483.5,397,55,62,0,0,0,0,0,0,0,0,0,0,3/30/2025 19:43
3/30/2025 19:43,55.00078201,478,475,250,386,348,64,68,0.5,1,1,219,364.5,62,63,1,354.5,245.5,61,57,1,483,397,56,62,0,0,0,0,0,0,0,0,0,0,3/30/2025 19:43
3/30/2025 19:43,52.61731148,479,475,250,386,349,64,66,-0.5,2.5,1,219,364.5,62,63,1,354.5,245.5,59,57,1,483,397,56,62,0,0,0,0,0,0,0,0,0,0,3/30/2025 19:43
3/30/2025 19:43,51.9015789,480,475,250,388.5,347,67,68,2,-1.5,1,219,363.5,62,63,1,354.5,245.5,61,57,1,483,396.5,56,61,0,0,0,0,0,0,0,0,0,0,3/30/2025 19:43
3/30/2025 19:43,53.00092697,481,475,250,390.5,348,71,66,4.5,-2,1,219,364.5,62,63,1,354.5,245,59,56,1,483,396.5,56,61,0,0,0,0,0,0,0,0,0,0,3/30/2025 19:43
3/30/2025 19:43,55.60135841,482,475,250,391,347.5,74,63,4.5,-1.5,1,219,364.5,62,63,1,354.5,245,59,56,1,483,397,56,62,0,0,0,0,0,0,0,0,0,0,3/30/2025 19:43
3/30/2025 19:43,52.3788929,483,475,250,392,343.5,70,65,4.5,-4,1,219,364,62,64,1,354.5,245,59,56,1,483,397,56,62,0,0,0,0,0,0,0,0,0,0,3/30/2025 19:43
3/30/2025 19:43,56.61177635,484,475,250,393.5,343,71,66,3.5,-5.5,1,219,364.5,62,63,1,354.5,245,59,56,1,483.5,397,57,62,0,0,0,0,0,0,0,0,0,0,3/30/2025 19:43
3/30/2025 19:43,50.68564415,485,475,250,394,343,70,66,3,-5,1,219,364,62,64,1,354.5,245,61,58,1,483.5,397,57,62,0,0,0,0,0,0,0,0,0,0,3/30/2025 19:43
3/30/2025 19:43,46.50735855,486,475,250,395.5,340,69,70,4.5,-4,1,219,364,62,64,1,354.5,245,59,56,1,483,396,56,62,0,0,0,0,0,0,0,0,0,0,3/30/2025 19:43
3/30/2025 19:43,51.5422821,487,475,250,397.5,338.5,69,73,4.5,-4,1,219,364.5,62,63,1,354.5,245.5,61,57,1,483,396.5,56,61,0,0,0,0,0,0,0,0,0,0,3/30/2025 19:43
3/30/2025 19:43,54.17943001,488,475,250,399,338.5,72,71,5,-5.5,1,219,364,62,64,1,354.5,245.5,59,57,1,483.5,397,55,62,0,0,0,0,0,0,0,0,0,0,3/30/2025 19:43
3/30/2025 19:43,54.17943001,489,475,250,399,338.5,72,71,5,-5.5,1,219,364,62,64,1,354.5,245.5,59,57,1,483.5,397,55,62,0,0,0,0,0,0,0,0,0,0,3/30/2025 19:43
3/30/2025 19:43,50.00066757,490,475,250,400,340,70,66,5,-1.5,1,219,364.5,62,63,1,354,245,60,56,1,483,396.5,56,61,0,0,0,0,0,0,0,0,0,0,3/30/2025 19:43
3/30/2025 19:43,48.61497879,491,475,250,400.5,340.5,73,67,3,2,1,219,364.5,62,63,1,354.5,245,61,56,1,483,396.5,56,61,0,0,0,0,0,0,0,0,0,0,3/30/2025 19:43
3/30/2025 19:43,52.20460892,492,475,250,400.5,340.5,71,73,1.5,2,1,219,364.5,62,63,1,354.5,245,59,56,1,483,396.5,56,61,0,0,0,0,0,0,0,0,0,0,3/30/2025 19:43
3/30/2025 19:43,55.50909042,493,475,250,400,340.5,72,75,-0.5,1,1,219,364,62,62,1,354.5,245.5,61,57,1,483,396.5,56,61,0,0,0,0,0,0,0,0,0,0,3/30/2025 19:43
3/30/2025 19:43,54.68392372,494,475,250,399.5,340,75,72,-1.5,0,1,219,364,62,62,1,354.5,245,59,56,1,483.5,397,57,62,0,0,0,0,0,0,0,0,0,0,3/30/2025 19:43
3/30/2025 19:43,52.43706703,495,475,250,399,338,78,74,-1.5,-2.5,1,219,364.5,62,63,1,354.5,245.5,59,57,1,483,396.5,56,61,0,0,0,0,0,0,0,0,0,0,3/30/2025 19:43
3/30/2025 19:43,49.66783524,496,475,250,398,338,76,74,-2.5,-2,1,219,364.5,62,63,1,354.5,245.5,59,57,1,483.5,397,57,62,0,0,0,0,0,0,0,0,0,0,3/30/2025 19:43
3/30/2025 19:43,50.48346519,497,475,250,397.5,337,73,78,-2.5,-3.5,1,219,364.5,62,63,1,354.5,245,59,56,1,483.5,397,57,62,0,0,0,0,0,0,0,0,0,0,3/30/2025 19:43
3/30/2025 19:43,53.5068512,498,475,250,399,336.5,72,81,0,-1.5,1,219,363.5,62,63,1,354.5,245,59,56,1,483.5,397,57,62,0,0,0,0,0,0,0,0,0,0,3/30/2025 19:43
3/30/2025 19:43,52.3583889,499,475,250,398,336.5,70,81,0,-1.5,1,219,363.5,62,63,1,354.5,244.5,61,57,1,483,396.5,56,61,0,0,0,0,0,0,0,0,0,0,3/30/2025 19:43
3/30/2025 19:43,52.44588852,500,475,250,400.5,339,73,76,3,2,1,219,364,62,62,1,354.5,245.5,59,57,1,483.5,397,55,62,0,0,0,0,0,0,0,0,0,0,3/30/2025 19:43
3/30/2025 19:43,55.00006676,501,475,250,399,339,76,76,0,2.5,1,219,364.5,62,63,1,354.5,245.5,59,57,1,483,396.5,56,61,0,0,0,0,0,0,0,0,0,0,3/30/2025 19:43
3/30/2025 19:43,54.99196053,502,475,250,399,339.5,74,75,0.5,3.5,1,219,364,62,64,1,354.5,245,59,56,1,483,396.5,56,61,0,0,0,0,0,0,0,0,0,0,3/30/2025 19:43
3/30/2025 19:43,53.06720734,503,475,250,399.5,340,75,70,0,2,1,219,364,62,64,1,354.5,245,59,56,1,483,397,56,62,0,0,0,0,0,0,0,0,0,0,3/30/2025 19:43
3/30/2025 19:43,53.50661278,504,475,250,400.5,337.5,69,75,1,-1.5,1,219,364,62,64,1,354.5,245,59,56,1,483.5,397,57,62,0,0,0,0,0,0,0,0,0,0,3/30/2025 19:43
3/30/2025 19:44,54.01945114,505,475,250,400.5,333.5,65,79,1.5,-6.5,1,219,364.5,62,63,1,354.5,245,59,56,1,483.5,397,57,62,0,0,0,0,0,0,0,0,0,0,3/30/2025 19:44
3/30/2025 19:44,54.83603477,506,475,250,401.5,330.5,65,79,2.5,-9,1,354.5,245,59,56,1,218.5,364,61,62,1,483,396.5,56,61,0,0,0,0,0,0,0,0,0,0,3/30/2025 19:44
3/30/2025 19:44,53.8520813,507,475,250,405,332.5,66,77,4.5,-6.5,1,354.5,245,59,56,1,218.5,363.5,61,63,1,483.5,397,55,62,0,0,0,0,0,0,0,0,0,0,3/30/2025 19:44
3/30/2025 19:44,53.8520813,508,475,250,405,332.5,66,77,4.5,-6.5,1,354.5,245,59,56,1,218.5,363.5,61,63,1,483.5,397,55,62,0,0,0,0,0,0,0,0,0,0,3/30/2025 19:44
3/30/2025 19:44,56.5237999,509,475,250,407,333.5,70,69,7,-3,1,219,364,62,62,1,354.5,245,59,56,1,483.5,397,55,62,0,0,0,0,0,0,0,0,0,0,3/30/2025 19:44
3/30/2025 19:44,39.80946541,510,475,250,408.5,333,71,66,8,1.5,1,219,364,62,62,1,354.5,245,61,58,1,483.5,397,55,62,0,0,0,0,0,0,0,0,0,0,3/30/2025 19:44
3/30/2025 19:44,39.87312317,511,475,250,409,330,66,70,5,-2.5,1,219,364,62,62,1,354.5,245,59,56,1,483.5,397,55,62,0,0,0,0,0,0,0,0,0,0,3/30/2025 19:44
3/30/2025 19:44,49.00097847,512,475,250,410.5,326,63,76,4,-7,1,354.5,245,59,56,1,219,364,62,62,1,483.5,396.5,55,61,0,0,0,0,0,0,0,0,0,0,3/30/2025 19:44
3/30/2025 19:44,51.01656914,513,475,250,411,325.5,66,75,2.5,-7.5,1,218.5,364.5,61,63,1,354.5,245,59,56,1,483.5,396.5,55,61,0,0,0,0,0,0,0,0,0,0,3/30/2025 19:44
3/30/2025 19:44,45.6776619,514,475,250,411,326,66,74,2,-4,1,219,364.5,62,63,1,354.5,245,59,56,1,483,397,54,62,0,0,0,0,0,0,0,0,0,0,3/30/2025 19:44
3/30/2025 19:44,51.80740356,515,475,250,412.5,328.5,65,73,2,2.5,1,354.5,245,59,56,1,219,364,62,62,1,483.5,397,55,62,0,0,0,0,0,0,0,0,0,0,3/30/2025 19:44
3/30/2025 19:44,55.04965782,516,475,250,414.5,328.5,65,75,3.5,3,1,219,364.5,62,63,1,354.5,245,59,56,1,483.5,397,55,62,0,0,0,0,0,0,0,0,0,0,3/30/2025 19:44
3/30/2025 19:44,51.33724213,517,475,250,414.5,328.5,61,79,4,2.5,1,219,364.5,62,63,1,354.5,245,59,56,1,483.5,397,55,62,0,0,0,0,0,0,0,0,0,0,3/30/2025 19:44
3/30/2025 19:44,52.92677879,518,475,250,414,327,60,80,1.5,-1.5,1,219,364.5,62,63,1,354.5,245.5,59,55,1,483.5,397.5,55,61,0,0,0,0,0,0,0,0,0,0,3/30/2025 19:44
3/30/2025 19:44,54.54421043,519,475,250,413,326.5,62,79,-2,-2,1,219,364.5,62,63,1,354.5,245.5,59,55,1,483.5,396.5,55,61,0,0,0,0,0,0,0,0,0,0,3/30/2025 19:44
3/30/2025 19:44,53.80392075,520,475,250,412.5,328,59,76,-2,0,1,218.5,364,61,62,1,354.5,245.5,59,55,1,483.5,396.5,55,61,0,0,0,0,0,0,0,0,0,0,3/30/2025 19:44
3/30/2025 19:44,52.50954628,521,475,250,412,329,56,82,-2,2.5,1,219,364.5,62,63,1,354.5,245,59,56,1,483.5,397,55,62,0,0,0,0,0,0,0,0,0,0,3/30/2025 19:44
3/30/2025 19:44,49.47376251,522,475,250,410.5,326.5,57,79,-2.5,-1,1,219,364,62,62,1,354.5,245.5,59,55,1,483.5,396.5,55,61,0,0,0,0,0,0,0,0,0,0,3/30/2025 19:44
3/30/2025 19:44,49.47376251,523,475,250,410.5,326.5,57,79,-2.5,-1,1,219,364,62,62,1,354.5,245.5,59,55,1,483.5,396.5,55,61,0,0,0,0,0,0,0,0,0,0,3/30/2025 19:44
3/30/2025 19:44,49.06535149,524,475,250,410.5,326.5,57,77,-2,-1.5,1,219,364.5,62,63,1,354.5,245.5,59,55,1,483.5,396.5,55,61,0,0,0,0,0,0,0,0,0,0,3/30/2025 19:44
3/30/2025 19:44,52.00028419,525,475,250,412,325.5,58,79,0,-3.5,1,219,364.5,62,63,1,354.5,245,59,56,1,483.5,396.5,55,61,0,0,0,0,0,0,0,0,0,0,3/30/2025 19:44
3/30/2025 19:44,51.06544495,526,475,250,414.5,326,59,76,3.5,-1.5,1,219,364.5,62,63,1,354.5,245,59,56,1,483,397,54,62,0,0,0,0,0,0,0,0,0,0,3/30/2025 19:44
3/30/2025 19:44,54.04376984,527,475,250,413,325.5,58,73,3,-1,1,219,364.5,62,63,1,354.5,245,59,56,1,483.5,396.5,55,61,0,0,0,0,0,0,0,0,0,0,3/30/2025 19:44
3/30/2025 19:44,56.00070953,528,475,250,414.5,322.5,53,75,2,-3.5,1,219,364.5,62,63,1,354.5,245,59,56,1,483.5,396.5,55,61,0,0,0,0,0,0,0,0,0,0,3/30/2025 19:44
3/30/2025 19:44,55.13238907,529,475,250,418,321.5,56,75,4,-4.5,1,218.5,364.5,61,63,1,354.5,245.5,59,55,1,483.5,396.5,55,61,0,0,0,0,0,0,0,0,0,0,3/30/2025 19:44
3/30/2025 19:44,54.012537,530,475,250,419,322,56,78,6,-3.5,1,219,364.5,62,63,1,354.5,245.5,59,55,1,483,397,54,62,0,0,0,0,0,0,0,0,0,0,3/30/2025 19:44
3/30/2025 19:44,53.50828171,531,475,250,420,321.5,60,71,5.5,-1,1,219,364.5,62,63,1,354.5,245.5,59,55,1,483.5,397,55,62,0,0,0,0,0,0,0,0,0,0,3/30/2025 19:44
3/30/2025 19:44,51.88798904,532,475,250,418.5,317,59,70,1,-4,1,219,364.5,62,63,1,354,245.5,60,57,1,483.5,396.5,55,61,0,0,0,0,0,0,0,0,0,0,3/30/2025 19:44
3/30/2025 19:44,52.50406265,533,475,250,420.5,314,55,66,3,-8.5,1,219,364.5,62,63,1,354.5,245.5,61,57,1,483,397,54,62,0,0,0,0,0,0,0,0,0,0,3/30/2025 19:44
3/30/2025 19:44,52.35242844,534,475,250,422,313.5,54,65,2.5,-7.5,1,219,364,62,62,1,354.5,245,61,56,1,483,396.5,54,61,0,0,0,0,0,0,0,0,0,0,3/30/2025 19:44
3/30/2025 19:44,52.99663544,535,475,250,422.5,313.5,53,69,4,-5,1,218.5,364.5,61,63,1,354.5,245.5,59,57,1,483,397,54,60,0,0,0,0,0,0,0,0,0,0,3/30/2025 19:44
3/30/2025 19:44,51.93042755,536,475,250,422.5,314,53,72,3,-1,1,218.5,364,61,62,1,354.5,245.5,61,57,1,483.5,396.5,55,61,0,0,0,0,0,0,0,0,0,0,3/30/2025 19:44
3/30/2025 19:44,54.00133133,537,475,250,423.5,314,57,72,1,0.5,1,219,364.5,62,63,1,354.5,245,61,56,1,483,397,54,60,0,0,0,0,0,0,0,0,0,0,3/30/2025 19:44
3/30/2025 19:44,55.00864983,538,475,250,425,314.5,56,71,2.5,0.5,1,219,364,62,62,1,354.5,245,61,56,1,483,397,54,60,0,0,0,0,0,0,0,0,0,0,3/30/2025 19:44
3/30/2025 19:44,52.51908302,539,475,250,425,314.5,52,73,2.5,1,1,218.5,364.5,61,63,1,354.5,245,61,56,1,483,396.5,54,61,0,0,0,0,0,0,0,0,0,0,3/30/2025 19:44
3/30/2025 19:44,55.00340462,540,475,250,425.5,314,53,72,2.5,0,1,219,364,62,62,1,354,245.5,60,57,1,483.5,396.5,55,61,0,0,0,0,0,0,0,0,0,0,3/30/2025 19:44
3/30/2025 19:44,55.00340462,541,475,250,425.5,314,53,72,2.5,0,1,219,364,62,62,1,354,245.5,60,57,1,483.5,396.5,55,61,0,0,0,0,0,0,0,0,0,0,3/30/2025 19:44
3/30/2025 19:44,53.00593376,542,475,250,426,313.5,50,73,1.5,-1,1,219,364.5,62,63,1,354,245.5,60,57,1,483.5,396.5,55,61,0,0,0,0,0,0,0,0,0,0,3/30/2025 19:44
3/30/2025 19:44,56.00142479,543,475,250,425.5,312,49,74,1,-2.5,1,218.5,364.5,61,63,1,354,245.5,60,57,1,483,397,54,62,0,0,0,0,0,0,0,0,0,0,3/30/2025 19:44
3/30/2025 19:44,52.91604996,544,475,250,426.5,312.5,51,71,1.5,-1.5,1,219,364.5,62,63,1,354,245.5,60,57,1,483,396.5,54,61,0,0,0,0,0,0,0,0,0,0,3/30/2025 19:44
3/30/2025 19:44,53.56192589,545,475,250,426.5,311,53,70,1,-2,1,219,364.5,62,63,1,354,245.5,60,57,1,483,397.5,54,61,0,0,0,0,0,0,0,0,0,0,3/30/2025 19:44
3/30/2025 19:44,56.05745316,546,475,250,427.5,310,53,70,1.5,-3,1,219,364.5,62,63,1,354.5,245,61,56,1,483,396.5,54,61,0,0,0,0,0,0,0,0,0,0,3/30/2025 19:44
3/30/2025 19:44,54.71968651,547,475,250,428.5,309.5,53,69,3.5,-3.5,1,218.5,364.5,61,63,1,354.5,245.5,59,57,1,483,396.5,54,61,0,0,0,0,0,0,0,0,0,0,3/30/2025 19:44
3/30/2025 19:44,54.51250076,548,475,250,431.5,308,55,70,5,-3.5,1,219,364,62,62,1,354,245.5,60,57,1,483,396.5,54,61,0,0,0,0,0,0,0,0,0,0,3/30/2025 19:44
3/30/2025 19:44,54.7940731,549,475,250,430.5,306,53,66,3,-4,1,219,364,62,62,1,354.5,245,61,56,1,483,397,54,60,0,0,0,0,0,0,0,0,0,0,3/30/2025 19:44
3/30/2025 19:44,55.42516708,550,475,250,431.5,304,51,70,3,-5.5,1,219,364,62,62,1,354.5,245,61,56,1,483.5,396.5,55,61,0,0,0,0,0,0,0,0,0,0,3/30/2025 19:44
3/30/2025 19:44,57.50823021,551,475,250,432,303,52,68,3,-5,1,219,364.5,62,63,1,354.5,245.5,61,57,1,483.5,396.5,55,61,0,0,0,0,0,0,0,0,0,0,3/30/2025 19:44
3/30/2025 19:44,57.5067997,552,475,250,433,301,52,70,3,-5.5,1,219,364,62,62,1,354,245.5,60,57,1,483,397.5,54,61,0,0,0,0,0,0,0,0,0,0,3/30/2025 19:44
3/30/2025 19:44,56.21004105,553,475,250,434,298.5,50,71,3,-5.5,1,219,364,62,62,1,354.5,245.5,61,57,1,483.5,396.5,55,61,0,0,0,0,0,0,0,0,0,0,3/30/2025 19:44
3/30/2025 19:44,53.7955761,554,475,250,435.5,297.5,49,73,4,-7,1,354.5,245.5,61,57,1,483.5,396.5,55,61,0,0,0,0,0,0,0,0,0,0,0,0,0,0,0,3/30/2025 19:44
3/30/2025 19:44,49.53384399,555,475,250,436,297,50,72,2,-3.5,1,354,245.5,60,57,1,483,397,54,62,0,0,0,0,0,0,0,0,0,0,0,0,0,0,0,3/30/2025 19:44
3/30/2025 19:44,54.51321602,556,475,250,436.5,296,49,72,2.5,-3.5,1,354.5,245.5,61,57,1,483.5,396.5,55,61,0,0,0,0,0,0,0,0,0,0,0,0,0,0,0,3/30/2025 19:44
3/30/2025 19:44,53.84540558,557,475,250,437.5,295,51,66,2,-3,1,354.5,245.5,61,57,1,483,396.5,54,61,0,0,0,0,0,0,0,0,0,0,0,0,0,0,0,3/30/2025 19:44
3/30/2025 19:44,51.49817467,558,475,250,438,295.5,50,67,2,-1.5,1,354.5,246,61,58,1,483,397,54,62,0,0,0,0,0,0,0,0,0,0,0,0,0,0,0,3/30/2025 19:44
3/30/2025 19:44,50.52924156,559,475,250,438.5,294,51,66,2,-2.5,1,354,245.5,60,57,1,483,397.5,54,61,0,0,0,0,0,0,0,0,0,0,0,0,0,0,0,3/30/2025 19:44
3/30/2025 19:44,50.52924156,560,475,250,438.5,294,51,66,2,-2.5,1,354,245.5,60,57,1,483,397.5,54,61,0,0,0,0,0,0,0,0,0,0,0,0,0,0,0,3/30/2025 19:44
3/30/2025 19:44,54.19540405,561,475,250,439,293.5,52,65,2,-2,1,354.5,245.5,61,57,1,483.5,396.5,55,61,0,0,0,0,0,0,0,0,0,0,0,0,0,0,0,3/30/2025 19:44
3/30/2025 19:44,52.01816559,562,475,250,440,293.5,52,65,2,-1,1,354.5,245.5,59,57,1,483.5,396.5,55,61,0,0,0,0,0,0,0,0,0,0,0,0,0,0,0,3/30/2025 19:44
3/30/2025 19:44,52.16479301,563,475,250,441.5,293,57,60,2.5,-1,1,354,245.5,60,57,1,483,397,54,60,0,0,0,0,0,0,0,0,0,0,0,0,0,0,0,3/30/2025 19:44
3/30/2025 19:44,56.03146553,564,475,250,443,292,54,64,3.5,-1.5,1,355,245.5,60,57,1,483,397,54,62,0,0,0,0,0,0,0,0,0,0,0,0,0,0,0,3/30/2025 19:44
3/30/2025 19:45,52.00123787,565,475,250,443,291,58,62,3,-2.5,1,354.5,245.5,59,57,1,483.5,396.5,55,61,0,0,0,0,0,0,0,0,0,0,0,0,0,0,0,3/30/2025 19:45
3/30/2025 19:45,53.00068855,566,475,250,444,289.5,62,59,3,-4,1,354,245.5,60,57,1,483.5,396.5,55,61,0,0,0,0,0,0,0,0,0,0,0,0,0,0,0,3/30/2025 19:45
3/30/2025 19:45,53.36141586,567,475,250,444.5,288.5,61,55,1.5,-3.5,1,354.5,245.5,59,57,1,483,397,54,60,0,0,0,0,0,0,0,0,0,0,0,0,0,0,0,3/30/2025 19:45
3/30/2025 19:45,53.00807953,568,475,250,446,286.5,62,53,3.5,-5,1,354,245.5,60,57,1,483.5,396.5,55,61,0,0,0,0,0,0,0,0,0,0,0,0,0,0,0,3/30/2025 19:45
3/30/2025 19:45,53.46727371,569,475,250,447.5,283.5,65,47,4,-6.5,1,354,245.5,60,57,1,483,397,56,60,0,0,0,0,0,0,0,0,0,0,0,0,0,0,0,3/30/2025 19:45
3/30/2025 19:45,54.42452431,570,475,250,448.5,282,75,48,3.5,-6,1,354.5,245,59,56,1,483,397,56,62,0,0,0,0,0,0,0,0,0,0,0,0,0,0,0,3/30/2025 19:45
3/30/2025 19:45,59.12899971,571,475,250,448,282.5,76,49,3.5,-4.5,1,354.5,245.5,59,55,1,483,397,56,62,0,0,0,0,0,0,0,0,0,0,0,0,0,0,0,3/30/2025 19:45
3/30/2025 19:45,52.5033474,572,475,250,448,282.5,70,51,1,-2.5,1,354,245,58,56,1,483,396.5,56,61,0,0,0,0,0,0,0,0,0,0,0,0,0,0,0,3/30/2025 19:45
3/30/2025 19:45,53.14660072,573,475,250,449,280.5,74,53,0.5,-2.5,1,354.5,245.5,59,55,1,483,397,56,62,0,0,0,0,0,0,0,0,0,0,0,0,0,0,0,3/30/2025 19:45
3/30/2025 19:45,54.05879021,574,475,250,450.5,280,69,56,2.5,-2.5,1,354,245,58,56,1,482.5,397,55,62,0,0,0,0,0,0,0,0,0,0,0,0,0,0,0,3/30/2025 19:45
3/30/2025 19:45,53.02000046,575,475,250,451,279.5,76,55,3.5,-2.5,1,354.5,245.5,59,55,1,483,397,56,62,0,0,0,0,0,0,0,0,0,0,0,0,0,0,0,3/30/2025 19:45
3/30/2025 19:45,50.39644241,576,475,250,448,279.5,76,57,-0.5,-1.5,1,354.5,245,59,56,1,483,397,56,62,0,0,0,0,0,0,0,0,0,0,0,0,0,0,0,3/30/2025 19:45
3/30/2025 19:45,50.39644241,577,475,250,448,279.5,76,57,-0.5,-1.5,1,354.5,245,59,56,1,483,397,56,62,0,0,0,0,0,0,0,0,0,0,0,0,0,0,0,3/30/2025 19:45
3/30/2025 19:45,50.44174194,578,475,250,448,278.5,70,61,-2,-2,1,354,245,58,56,1,483,397,56,62,0,0,0,0,0,0,0,0,0,0,0,0,0,0,0,3/30/2025 19:45
3/30/2025 19:45,54.90779877,579,475,250,449.5,277,77,58,-1,-3,1,354.5,245.5,59,57,1,483,397,56,62,0,0,0,0,0,0,0,0,0,0,0,0,0,0,0,3/30/2025 19:45
3/30/2025 19:45,53.19643021,580,475,250,449.5,276,75,60,1,-3,1,354,245,58,56,1,483,397,56,62,0,0,0,0,0,0,0,0,0,0,0,0,0,0,0,3/30/2025 19:45
3/30/2025 19:45,55.50837517,581,475,250,449.5,274.5,69,67,1.5,-4.5,1,354.5,246,59,56,1,483,397,56,62,0,0,0,0,0,0,0,0,0,0,0,0,0,0,0,3/30/2025 19:45
3/30/2025 19:45,53.49826813,582,475,250,450,272.5,74,65,1.5,-5.5,1,354.5,246,59,56,1,483,397,56,62,0,0,0,0,0,0,0,0,0,0,0,0,0,0,0,3/30/2025 19:45
3/30/2025 19:45,50.02331734,583,475,250,449.5,272.5,71,67,0.5,-4,1,354.5,245,59,56,1,483,397,56,62,0,0,0,0,0,0,0,0,0,0,0,0,0,0,0,3/30/2025 19:45
3/30/2025 19:45,51.00250244,584,475,250,451,268.5,74,65,1.5,-6.5,1,354.5,245.5,59,57,1,483,397,56,62,0,0,0,0,0,0,0,0,0,0,0,0,0,0,0,3/30/2025 19:45
3/30/2025 19:45,49.49212074,585,475,250,453,267,72,66,3,-6.5,1,354,245.5,60,57,1,483,397,56,62,0,0,0,0,0,0,0,0,0,0,0,0,0,0,0,3/30/2025 19:45
3/30/2025 19:45,53.08580399,586,475,250,452.5,266.5,71,75,2.5,-6.5,1,354,245.5,60,57,1,483,397,56,62,0,0,0,0,0,0,0,0,0,0,0,0,0,0,0,3/30/2025 19:45
3/30/2025 19:45,54.00180817,587,475,250,451.5,265,69,80,0.5,-5,1,354,245.5,58,55,1,483,397,56,62,0,0,0,0,0,0,0,0,0,0,0,0,0,0,0,3/30/2025 19:45
3/30/2025 19:45,52.50787735,588,475,250,451.5,263,69,78,-1,-5,1,354,245.5,58,57,1,483,397,56,62,0,0,0,0,0,0,0,0,0,0,0,0,0,0,0,3/30/2025 19:45
3/30/2025 19:45,54.52847481,589,475,250,453,261,72,74,1,-5,1,354.5,245.5,59,55,1,483,397,56,62,0,0,0,0,0,0,0,0,0,0,0,0,0,0,0,3/30/2025 19:45
3/30/2025 19:45,53.29751968,590,475,250,454.5,261.5,65,79,3,-4.5,1,353.5,245.5,59,55,1,483,397,56,62,0,0,0,0,0,0,0,0,0,0,0,0,0,0,0,3/30/2025 19:45
3/30/2025 19:45,53.29751968,591,475,250,454.5,261.5,65,79,3,-4.5,1,353.5,245.5,59,55,1,483,397,56,62,0,0,0,0,0,0,0,0,0,0,0,0,0,0,0,3/30/2025 19:45
3/30/2025 19:45,49.41225052,592,475,250,453.5,259,61,84,2,-3.5,1,354,246,60,56,1,483,397,56,62,0,0,0,0,0,0,0,0,0,0,0,0,0,0,0,3/30/2025 19:45
3/30/2025 19:45,51.81932449,593,475,250,454.5,257,59,88,1.5,-4,1,354,245.5,58,55,1,483,397,56,62,0,0,0,0,0,0,0,0,0,0,0,0,0,0,0,3/30/2025 19:45
3/30/2025 19:45,53.00068855,594,475,250,454.5,256.5,61,87,0.5,-4,1,354,245,60,56,1,482.5,397,55,62,0,0,0,0,0,0,0,0,0,0,0,0,0,0,0,3/30/2025 19:45
3/30/2025 19:45,51.85270309,595,475,250,455.5,255.5,63,83,2,-3.5,1,354,245.5,60,57,1,483,397,56,62,0,0,0,0,0,0,0,0,0,0,0,0,0,0,0,3/30/2025 19:45
3/30/2025 19:45,53.58171463,596,475,250,456.5,254,61,82,2.5,-3,1,354.5,245.5,59,57,1,483,397,56,62,0,0,0,0,0,0,0,0,0,0,0,0,0,0,0,3/30/2025 19:45
3/30/2025 19:45,50.5156517,597,475,250,457,253,62,84,3,-3.5,1,353.5,245.5,59,57,1,483,397,56,62,0,0,0,0,0,0,0,0,0,0,0,0,0,0,0,3/30/2025 19:45
3/30/2025 19:45,53.51305008,598,475,250,457.5,251.5,67,77,3,-4,1,354,245.5,60,57,1,483,397,56,62,0,0,0,0,0,0,0,0,0,0,0,0,0,0,0,3/30/2025 19:45
3/30/2025 19:45,54.00204659,599,475,250,459.5,250,67,72,4,-4,1,354,246,58,56,1,483,397,56,62,0,0,0,0,0,0,0,0,0,0,0,0,0,0,0,3/30/2025 19:45
3/30/2025 19:45,54.75306511,600,475,250,460,249.5,70,71,4.5,-4,1,354,245.5,60,57,1,483,397,56,62,0,0,0,0,0,0,0,0,0,0,0,0,0,0,0,3/30/2025 19:45
3/30/2025 19:45,39.77370262,601,475,250,460,250,62,70,3.5,-3,1,354.5,245.5,59,57,1,483,397,56,62,0,0,0,0,0,0,0,0,0,0,0,0,0,0,0,3/30/2025 19:45
3/30/2025 19:45,45.50814629,602,475,250,460,249.5,58,79,1,-0.5,1,354,245.5,60,57,1,483,397,56,62,0,0,0,0,0,0,0,0,0,0,0,0,0,0,0,3/30/2025 19:45
3/30/2025 19:45,49.38149452,603,475,250,461,248,56,80,1,-1.5,1,354,245.5,60,57,1,483,397,56,62,0,0,0,0,0,0,0,0,0,0,0,0,0,0,0,3/30/2025 19:45
3/30/2025 19:45,50.49610138,604,475,250,461.5,246,61,74,1,-4,1,354,245.5,60,57,1,483,397,56,62,0,0,0,0,0,0,0,0,0,0,0,0,0,0,0,3/30/2025 19:45
3/30/2025 19:45,52.50740051,605,475,250,463.5,246,65,68,4,-3.5,1,354,245.5,60,57,1,483,397,56,62,0,0,0,0,0,0,0,0,0,0,0,0,0,0,0,3/30/2025 19:45
3/30/2025 19:45,53.647995,606,475,250,463.5,245,61,70,2.5,-3,1,354,245.5,60,57,1,483,397,56,62,0,0,0,0,0,0,0,0,0,0,0,0,0,0,0,3/30/2025 19:45
3/30/2025 19:45,53.647995,607,475,250,463.5,245,61,70,2.5,-3,1,354,245.5,60,57,1,483,397,56,62,0,0,0,0,0,0,0,0,0,0,0,0,0,0,0,3/30/2025 19:45
3/30/2025 19:45,53.8854599,608,475,250,464.5,245,61,74,3,-2.5,1,354,245.5,60,57,1,483,397,56,62,0,0,0,0,0,0,0,0,0,0,0,0,0,0,0,3/30/2025 19:45
3/30/2025 19:45,47.24383354,609,475,250,464,246,64,72,0.5,0,1,354,245.5,60,57,1,483,397,56,62,0,0,0,0,0,0,0,0,0,0,0,0,0,0,0,3/30/2025 19:45
3/30/2025 19:45,56.77270889,610,475,250,465,245.5,62,75,1.5,0.5,1,354,245.5,60,57,1,483,397,56,62,0,0,0,0,0,0,0,0,0,0,0,0,0,0,0,3/30/2025 19:45
3/30/2025 19:45,56.0002327,611,475,250,466,246,60,82,1.5,1,1,354,246,60,58,1,483,397,56,62,0,0,0,0,0,0,0,0,0,0,0,0,0,0,0,3/30/2025 19:45
3/30/2025 19:45,53.05743217,612,475,250,467.5,246.5,61,83,3,1,1,354.5,245.5,59,57,1,483,397,56,62,0,0,0,0,0,0,0,0,0,0,0,0,0,0,0,3/30/2025 19:45
3/30/2025 19:45,51.23829842,613,475,250,468.5,246.5,61,81,3.5,1,1,354,246,60,56,1,483,397,56,62,0,0,0,0,0,0,0,0,0,0,0,0,0,0,0,3/30/2025 19:45
3/30/2025 19:45,52.36983299,614,475,250,469,244.5,58,81,4,-2,1,354,246,58,56,1,483,397,56,62,0,0,0,0,0,0,0,0,0,0,0,0,0,0,0,3/30/2025 19:45
3/30/2025 19:45,54.002285,615,475,250,470.5,244.5,59,83,3,-1.5,1,354,245.5,58,57,1,482.5,397,57,62,0,0,0,0,0,0,0,0,0,0,0,0,0,0,0,3/30/2025 19:45
3/30/2025 19:45,56.66399002,616,475,250,470.5,245.5,61,77,2,-1.5,1,353.5,245.5,59,57,1,483,397,56,62,0,0,0,0,0,0,0,0,0,0,0,0,0,0,0,3/30/2025 19:45
3/30/2025 19:45,53.50828171,617,475,250,472.5,247.5,61,77,3.5,2.5,1,353.5,246,59,56,1,483,397,56,62,0,0,0,0,0,0,0,0,0,0,0,0,0,0,0,3/30/2025 19:45
3/30/2025 19:45,46.52070999,618,475,250,474,247.5,60,77,4.5,3.5,1,354,245.5,60,57,1,483,397,56,62,0,0,0,0,0,0,0,0,0,0,0,0,0,0,0,3/30/2025 19:45
3/30/2025 19:45,48.37298393,619,475,250,474,248.5,56,77,3.5,3,1,353.5,246,59,56,1,483,397,56,62,0,0,0,0,0,0,0,0,0,0,0,0,0,0,0,3/30/2025 19:45
3/30/2025 19:45,55.09257317,620,475,250,476,248.5,56,79,3.5,0.5,1,353.5,245.5,59,57,1,483,397,56,62,0,0,0,0,0,0,0,0,0,0,0,0,0,0,0,3/30/2025 19:45
3/30/2025 19:45,54.00156975,621,475,250,474,251.5,58,73,0,5,1,353.5,246,59,56,1,483,397,56,62,0,0,0,0,0,0,0,0,0,0,0,0,0,0,0,3/30/2025 19:45
3/30/2025 19:45,55.07731438,622,475,250,472,254,58,70,-2,6,1,353.5,245.5,61,57,1,483,397,56,62,0,0,0,0,0,0,0,0,0,0,0,0,0,0,0,3/30/2025 19:45
3/30/2025 19:45,54.20422554,623,475,250,470.5,256.5,61,67,-4.5,8,1,353.5,245.5,61,57,1,483,397,56,62,0,0,0,0,0,0,0,0,0,0,0,0,0,0,0,3/30/2025 19:45
3/30/2025 19:45,52.52361298,624,475,250,471.5,258,57,68,-4,6.5,1,354,246,60,56,1,483,397,56,62,0,0,0,0,0,0,0,0,0,0,0,0,0,0,0,3/30/2025 19:45
3/30/2025 19:46,52.52361298,625,475,250,471.5,258,57,68,-4,6.5,1,354,246,60,56,1,483,397,56,62,0,0,0,0,0,0,0,0,0,0,0,0,0,0,0,3/30/2025 19:46
3/30/2025 19:46,49.82972145,626,475,250,471,257,62,58,-1,3,1,353.5,245.5,59,57,1,483,397,56,62,0,0,0,0,0,0,0,0,0,0,0,0,0,0,0,3/30/2025 19:46
3/30/2025 19:46,52.00219154,627,475,250,472.5,256.5,65,57,2,0,1,354,245.5,60,57,1,483,397,56,62,0,0,0,0,0,0,0,0,0,0,0,0,0,0,0,3/30/2025 19:46
3/30/2025 19:46,49.03364182,628,475,250,472.5,254.5,65,61,1,-4,1,354,245.5,60,57,1,483,397,56,62,0,0,0,0,0,0,0,0,0,0,0,0,0,0,0,3/30/2025 19:46
3/30/2025 19:46,47.05238342,629,475,250,471.5,251.5,63,71,0.5,-5,1,353.5,246,59,56,1,483,397,56,62,0,0,0,0,0,0,0,0,0,0,0,0,0,0,0,3/30/2025 19:46
3/30/2025 19:46,55.96923828,630,475,250,472,250,60,74,0.5,-6.5,1,354,245,58,56,1,483,397,56,62,0,0,0,0,0,0,0,0,0,0,0,0,0,0,0,3/30/2025 19:46
3/30/2025 19:46,50.12965202,631,475,250,475,247.5,60,75,2,-7,1,354,245,58,56,1,483,397,56,62,0,0,0,0,0,0,0,0,0,0,0,0,0,0,0,3/30/2025 19:46
3/30/2025 19:46,51.00059509,632,475,250,474.5,249,57,76,2.5,-3,1,354.5,246,59,56,1,483,397,56,62,0,0,0,0,0,0,0,0,0,0,0,0,0,0,0,3/30/2025 19:46
3/30/2025 19:46,47.00255394,633,475,250,474,252.5,58,77,2,2.5,1,354,246,58,56,1,483,397,56,62,0,0,0,0,0,0,0,0,0,0,0,0,0,0,0,3/30/2025 19:46
